Datetime,Open,High,Low,Close,Volume
2022-08-16 01:00:00+00:00,24124.8,24247.49,24100.0,24108.33,7111.63367
2022-08-16 02:00:00+00:00,24109.1,24199.99,24018.75,24046.18,5872.95843
2022-08-16 03:00:00+00:00,24046.18,24181.13,23853.0,24083.42,9796.28825
2022-08-16 04:00:00+00:00,24083.25,24144.77,23934.87,23957.47,6337.64618
2022-08-16 05:00:00+00:00,23959.0,24011.01,23795.67,23948.01,9215.97496
2022-08-16 06:00:00+00:00,23948.01,24042.62,23911.53,23998.38,5921.00488
2022-08-16 07:00:00+00:00,23997.31,24067.98,23932.56,24066.93,5165.034
2022-08-16 08:00:00+00:00,24067.77,24081.24,23968.78,23992.82,6102.51019
2022-08-16 09:00:00+00:00,23992.82,24125.29,23980.82,24082.75,6676.26164
2022-08-16 10:00:00+00:00,24083.34,24102.43,23995.0,24011.19,4883.90529
2022-08-16 11:00:00+00:00,24010.1,24150.0,23993.55,24038.03,7345.69064
2022-08-16 12:00:00+00:00,24036.86,24094.13,23892.99,23935.31,7412.8435
2022-08-16 13:00:00+00:00,23936.41,24029.14,23856.8,23896.55,9222.78512
2022-08-16 14:00:00+00:00,23896.55,23922.35,23680.0,23716.08,14540.41844
2022-08-16 15:00:00+00:00,23716.08,23929.71,23671.22,23901.27,10108.15191
2022-08-16 16:00:00+00:00,23901.0,23925.41,23691.06,23809.79,8489.938
2022-08-16 17:00:00+00:00,23809.79,23896.26,23779.71,23867.04,6839.12836
2022-08-16 18:00:00+00:00,23867.04,24058.0,23710.19,23837.59,13947.49785
2022-08-16 19:00:00+00:00,23837.59,23971.39,23800.0,23930.24,7690.73586
2022-08-16 20:00:00+00:00,23930.24,23994.0,23900.17,23979.93,5144.72501
2022-08-16 21:00:00+00:00,23978.51,23993.71,23874.23,23949.06,2979.77174
2022-08-16 22:00:00+00:00,23947.92,23949.72,23809.0,23847.95,4828.08172
2022-08-16 23:00:00+00:00,23846.51,23900.0,23818.69,23854.74,4653.44804
2022-08-17 00:00:00+00:00,23856.15,24044.0,23824.99,24009.66,9146.13892
2022-08-17 01:00:00+00:00,24009.66,24067.0,23932.61,23942.92,6693.51855
2022-08-17 02:00:00+00:00,23942.92,24058.0,23900.4,23991.72,5792.65174
2022-08-17 03:00:00+00:00,23992.62,24085.0,23988.33,24006.66,5865.13305
2022-08-17 04:00:00+00:00,24006.66,24090.0,24002.64,24068.29,4339.631
2022-08-17 05:00:00+00:00,24068.29,24171.48,24060.0,24165.26,7179.63808
2022-08-17 06:00:00+00:00,24165.26,24446.71,24158.07,24403.86,12452.88037
2022-08-17 07:00:00+00:00,24403.86,24427.03,23759.3,23786.42,18167.58788
2022-08-17 08:00:00+00:00,23788.32,23873.95,23735.0,23808.54,9600.15112
2022-08-17 09:00:00+00:00,23808.54,23924.97,23795.0,23833.71,6145.64636
2022-08-17 10:00:00+00:00,23832.9,23839.03,23698.69,23794.07,7616.0102
2022-08-17 11:00:00+00:00,23795.63,23828.63,23690.79,23746.65,6140.57448
2022-08-17 12:00:00+00:00,23746.65,23760.68,23527.22,23671.55,14548.8679
2022-08-17 13:00:00+00:00,23671.25,23683.29,23321.6,23424.41,17906.29677
2022-08-17 14:00:00+00:00,23424.41,23483.68,23322.9,23350.9,10229.04531
2022-08-17 15:00:00+00:00,23350.3,23469.04,23333.52,23391.9,7957.60443
2022-08-17 16:00:00+00:00,23391.9,23468.51,23333.0,23417.4,7795.69637
2022-08-17 17:00:00+00:00,23417.4,23484.03,23358.18,23472.13,5835.39221
2022-08-17 18:00:00+00:00,23472.13,23638.84,23357.43,23451.6,16710.71349
2022-08-17 19:00:00+00:00,23451.6,23497.24,23236.0,23275.04,9940.72559
2022-08-17 20:00:00+00:00,23276.89,23417.44,23180.4,23402.39,6950.93971
2022-08-17 21:00:00+00:00,23402.88,23407.74,23239.99,23331.93,4580.64591
2022-08-17 22:00:00+00:00,23331.73,23386.77,23253.0,23346.86,4810.47365
2022-08-17 23:00:00+00:00,23347.56,23378.49,23287.31,23342.66,4262.72457
2022-08-18 00:00:00+00:00,23342.66,23475.0,23285.23,23456.27,7551.67315
2022-08-18 01:00:00+00:00,23456.27,23499.19,23408.49,23470.73,4536.81805
2022-08-18 02:00:00+00:00,23469.4,23516.44,23415.7,23459.66,4510.33224
2022-08-18 03:00:00+00:00,23459.66,23496.0,23418.06,23433.31,3686.34171
2022-08-18 04:00:00+00:00,23434.25,23450.0,23337.38,23378.54,4281.39297
2022-08-18 05:00:00+00:00,23378.54,23466.67,23370.17,23391.82,3896.1741
2022-08-18 06:00:00+00:00,23392.72,23465.62,23345.02,23354.9,5229.45531
2022-08-18 07:00:00+00:00,23354.9,23440.19,23325.01,23414.21,5128.87206
2022-08-18 08:00:00+00:00,23414.21,23467.88,23344.2,23462.52,5620.50295
2022-08-18 09:00:00+00:00,23462.52,23544.45,23434.08,23533.67,5290.28302
2022-08-18 10:00:00+00:00,23532.46,23582.35,23460.88,23479.31,6338.45224
2022-08-18 11:00:00+00:00,23480.32,23537.04,23460.0,23534.43,4500.43982
2022-08-18 12:00:00+00:00,23534.43,23600.0,23466.54,23572.52,8612.54725
2022-08-18 13:00:00+00:00,23571.87,23574.23,23434.02,23450.25,8087.4389
2022-08-18 14:00:00+00:00,23449.46,23510.0,23355.73,23421.5,9178.0289
2022-08-18 15:00:00+00:00,23421.5,23487.3,23373.0,23452.28,7165.92697
2022-08-18 16:00:00+00:00,23451.45,23469.27,23249.66,23336.04,8533.4536
2022-08-18 17:00:00+00:00,23336.04,23421.0,23257.38,23272.8,6589.28179
2022-08-18 18:00:00+00:00,23271.57,23367.0,23235.28,23315.85,6249.83129
2022-08-18 19:00:00+00:00,23315.85,23434.41,23303.16,23344.88,6324.83066
2022-08-18 20:00:00+00:00,23344.88,23448.0,23320.0,23414.84,4374.78409
2022-08-18 21:00:00+00:00,23416.29,23427.39,23355.0,23362.78,2730.35283
2022-08-18 22:00:00+00:00,23362.78,23402.2,23320.68,23344.37,4603.70585
2022-08-18 23:00:00+00:00,23345.3,23386.86,23111.04,23191.2,11165.05036
2022-08-19 00:00:00+00:00,23191.45,23208.67,22877.0,22931.29,16488.91189
2022-08-19 01:00:00+00:00,22931.29,22964.78,22713.42,22761.81,12867.07962
2022-08-19 02:00:00+00:00,22760.42,22828.6,22711.11,22816.07,6616.36337
2022-08-19 03:00:00+00:00,22816.07,22829.61,22737.32,22769.05,5254.40942
2022-08-19 04:00:00+00:00,22768.97,22837.34,22746.52,22789.26,4646.38593
2022-08-19 05:00:00+00:00,22790.09,22834.97,22768.61,22808.73,4909.30693
2022-08-19 06:00:00+00:00,22808.73,22819.27,21447.76,21907.82,25324.71582
2022-08-19 07:00:00+00:00,21906.65,22145.99,21852.89,21905.88,17622.08849
2022-08-19 08:00:00+00:00,21907.37,21915.88,21677.77,21781.23,15568.64337
2022-08-19 09:00:00+00:00,21781.23,21828.0,21660.0,21751.97,10722.6635
2022-08-19 10:00:00+00:00,21751.95,21777.0,21571.94,21616.13,9730.91141
2022-08-19 11:00:00+00:00,21616.13,21637.76,21261.96,21467.91,19666.98117
2022-08-19 12:00:00+00:00,21467.91,21605.71,21265.77,21534.39,15615.45552
2022-08-19 13:00:00+00:00,21532.95,21568.15,21390.01,21402.27,11796.56931
2022-08-19 14:00:00+00:00,21402.27,21494.21,21322.48,21332.45,11128.64297
2022-08-19 15:00:00+00:00,21332.45,21475.32,21280.0,21443.36,9031.87539
2022-08-19 16:00:00+00:00,21443.36,21660.73,21412.93,21530.52,11581.25
2022-08-19 17:00:00+00:00,21530.52,21582.54,21401.01,21463.41,7139.51811
2022-08-19 18:00:00+00:00,21463.41,21466.1,21320.29,21373.54,8106.52378
2022-08-19 19:00:00+00:00,21373.54,21459.57,21149.95,21329.66,11884.23702
2022-08-19 20:00:00+00:00,21329.65,21382.5,21163.97,21273.76,8690.28232
2022-08-19 21:00:00+00:00,21273.76,21311.41,20910.09,21078.77,9430.56501
2022-08-19 22:00:00+00:00,21081.62,21324.4,20915.89,20975.14,16011.73036
2022-08-19 23:00:00+00:00,20975.14,21049.99,20783.57,20834.39,14160.76676
2022-08-20 00:00:00+00:00,20834.39,21212.67,20792.92,20991.67,13247.29792
2022-08-20 01:00:00+00:00,20991.67,21103.67,20981.22,20996.12,6650.30542
2022-08-20 02:00:00+00:00,20995.02,21177.83,20990.01,21131.61,6903.15876
2022-08-20 03:00:00+00:00,21130.97,21177.67,21091.51,21140.34,6479.80268
2022-08-20 04:00:00+00:00,21139.97,21284.71,21077.56,21239.61,7333.24862
2022-08-20 05:00:00+00:00,21237.85,21252.82,21082.19,21128.68,8551.41616
2022-08-20 06:00:00+00:00,21127.77,21329.69,21122.01,21315.38,6721.61958
2022-08-20 07:00:00+00:00,21315.38,21370.0,21264.33,21307.25,7703.52055
2022-08-20 08:00:00+00:00,21307.99,21315.0,21175.43,21197.58,6638.71603
2022-08-20 09:00:00+00:00,21198.78,21232.19,21134.42,21208.8,6031.99168
2022-08-20 10:00:00+00:00,21210.02,21258.61,21118.5,21229.98,6443.51989
2022-08-20 11:00:00+00:00,21229.23,21281.22,21188.0,21233.66,5708.31453
2022-08-20 12:00:00+00:00,21233.66,21382.85,21200.0,21241.23,7930.13162
2022-08-20 13:00:00+00:00,21241.23,21343.21,21232.3,21321.53,5515.60442
2022-08-20 14:00:00+00:00,21321.53,21347.22,21224.23,21254.9,5308.70037
2022-08-20 15:00:00+00:00,21254.9,21317.74,21202.74,21299.44,5025.33069
2022-08-20 16:00:00+00:00,21300.5,21360.0,21229.43,21237.66,6342.61465
2022-08-20 17:00:00+00:00,21237.66,21320.0,21164.18,21257.33,7659.29759
2022-08-20 18:00:00+00:00,21255.86,21325.0,21082.5,21106.85,9232.6536
2022-08-20 19:00:00+00:00,21106.82,21149.0,20941.63,20988.36,12053.38969
2022-08-20 20:00:00+00:00,20988.52,21153.99,20797.3,20819.72,11572.43424
2022-08-20 21:00:00+00:00,20819.72,21140.0,20761.9,21120.19,9844.15423
2022-08-20 22:00:00+00:00,21121.7,21250.51,21054.72,21136.36,8348.98211
2022-08-20 23:00:00+00:00,21137.43,21224.99,21078.91,21140.07,5795.4786
2022-08-21 00:00:00+00:00,21140.07,21290.0,21118.71,21168.26,7041.4919
2022-08-21 01:00:00+00:00,21167.35,21279.72,21161.14,21259.1,4826.73018
2022-08-21 02:00:00+00:00,21259.96,21330.55,21217.36,21262.28,5177.58789
2022-08-21 03:00:00+00:00,21263.65,21270.43,21161.62,21208.72,4849.48551
2022-08-21 04:00:00+00:00,21210.06,21285.08,21180.33,21201.5,4634.13879
2022-08-21 05:00:00+00:00,21201.5,21244.57,21165.21,21229.52,4273.13188
2022-08-21 06:00:00+00:00,21229.52,21243.85,21071.0,21117.6,6586.39646
2022-08-21 07:00:00+00:00,21117.6,21254.19,21069.11,21251.38,6236.63069
2022-08-21 08:00:00+00:00,21250.21,21497.76,21224.48,21359.82,12648.45332
2022-08-21 09:00:00+00:00,21359.21,21500.0,21326.88,21433.44,8073.84022
2022-08-21 10:00:00+00:00,21433.44,21470.0,21366.69,21379.57,6524.90713
2022-08-21 11:00:00+00:00,21378.43,21570.0,21366.18,21524.39,7443.4016
2022-08-21 12:00:00+00:00,21525.57,21587.74,21470.0,21472.11,6998.85964
2022-08-21 13:00:00+00:00,21471.91,21501.7,21383.51,21397.04,6499.47594
2022-08-21 14:00:00+00:00,21397.04,21428.0,21314.88,21410.55,7238.93226
2022-08-21 15:00:00+00:00,21410.54,21441.83,21362.78,21420.2,4106.43163
2022-08-21 16:00:00+00:00,21419.0,21502.0,21330.75,21406.81,6605.62609
2022-08-21 17:00:00+00:00,21407.92,21488.87,21404.78,21459.14,4694.67947
2022-08-21 18:00:00+00:00,21460.34,21504.08,21381.34,21480.14,5050.20854
2022-08-21 19:00:00+00:00,21481.03,21557.26,21448.48,21512.01,4683.52391
2022-08-21 20:00:00+00:00,21512.01,21800.0,21462.89,21468.43,8239.7705
2022-08-21 21:00:00+00:00,21468.43,21700.0,21468.07,21533.83,7715.7413
2022-08-21 22:00:00+00:00,21535.4,21671.84,21277.73,21565.96,12746.49521
2022-08-21 23:00:00+00:00,21567.23,21645.8,21508.41,21515.61,6304.74404
2022-08-22 00:00:00+00:00,21516.7,21530.03,21388.99,21454.26,8406.68117
2022-08-22 01:00:00+00:00,21452.83,21482.68,21360.41,21443.79,6458.52121
2022-08-22 02:00:00+00:00,21443.79,21488.81,21375.01,21471.59,5361.91254
2022-08-22 03:00:00+00:00,21471.59,21510.8,21407.25,21414.86,4947.71547
2022-08-22 04:00:00+00:00,21413.67,21488.0,21341.91,21466.72,6675.71085
2022-08-22 05:00:00+00:00,21468.09,21494.44,21403.76,21428.66,5656.76496
2022-08-22 06:00:00+00:00,21428.66,21445.98,21287.79,21350.67,9081.87466
2022-08-22 07:00:00+00:00,21350.67,21378.32,21058.62,21097.72,12701.46225
2022-08-22 08:00:00+00:00,21098.01,21196.28,20890.18,21189.55,19759.09269
2022-08-22 09:00:00+00:00,21191.33,21259.64,21091.22,21175.06,10298.07677
2022-08-22 10:00:00+00:00,21174.09,21338.75,21107.14,21280.01,11355.08195
2022-08-22 11:00:00+00:00,21281.59,21329.48,21190.0,21248.71,8078.55799
2022-08-22 12:00:00+00:00,21249.78,21340.0,21150.25,21208.93,10810.25753
2022-08-22 13:00:00+00:00,21209.93,21380.36,21086.54,21304.14,16007.43964
2022-08-22 14:00:00+00:00,21304.14,21385.04,21180.0,21201.08,13694.9903
2022-08-22 15:00:00+00:00,21201.08,21444.72,21193.12,21400.47,11284.38946
2022-08-22 16:00:00+00:00,21400.47,21548.71,21315.12,21331.57,9544.63929
2022-08-22 17:00:00+00:00,21332.91,21344.91,21196.77,21233.01,7571.41979
2022-08-22 18:00:00+00:00,21233.01,21241.47,20963.0,21023.94,10303.48269
2022-08-22 19:00:00+00:00,21023.94,21123.17,20991.44,21057.25,8260.13289
2022-08-22 20:00:00+00:00,21055.48,21192.7,21046.87,21130.11,8239.85465
2022-08-22 21:00:00+00:00,21131.22,21142.0,21045.0,21101.67,3843.97045
2022-08-22 22:00:00+00:00,21101.67,21243.24,21085.99,21175.93,5725.91021
2022-08-22 23:00:00+00:00,21174.8,21423.74,21153.7,21399.83,8154.10585
2022-08-23 00:00:00+00:00,21400.75,21468.51,21285.02,21303.25,9264.9316
2022-08-23 01:00:00+00:00,21303.25,21407.59,21290.39,21306.86,5897.83057
2022-08-23 02:00:00+00:00,21306.86,21360.0,21260.05,21347.38,5115.81528
2022-08-23 03:00:00+00:00,21347.38,21376.99,21218.28,21239.18,5281.51877
2022-08-23 04:00:00+00:00,21239.18,21318.84,21224.85,21265.6,4982.14947
2022-08-23 05:00:00+00:00,21265.6,21289.13,20932.37,20965.89,10353.28286
2022-08-23 06:00:00+00:00,20964.1,21091.37,20890.14,21083.26,8972.01842
2022-08-23 07:00:00+00:00,21081.57,21309.98,21067.7,21305.34,10108.60965
2022-08-23 08:00:00+00:00,21305.34,21519.01,21301.61,21450.0,13184.72367
2022-08-23 09:00:00+00:00,21450.86,21550.0,21286.0,21442.58,11705.57539
2022-08-23 10:00:00+00:00,21442.58,21460.57,21314.49,21416.39,8741.20005
2022-08-23 11:00:00+00:00,21417.46,21495.0,21348.19,21456.34,7286.42398
2022-08-23 12:00:00+00:00,21455.97,21518.34,21334.28,21350.98,7934.20437
2022-08-23 13:00:00+00:00,21350.98,21598.0,21327.95,21520.58,13989.26256
2022-08-23 14:00:00+00:00,21518.52,21684.87,21441.55,21468.15,16046.27479
2022-08-23 15:00:00+00:00,21469.37,21582.16,21383.55,21474.67,10905.26018
2022-08-23 16:00:00+00:00,21473.01,21483.71,21358.38,21462.75,8719.37221
2022-08-23 17:00:00+00:00,21462.75,21519.9,21392.84,21414.72,6651.78986
2022-08-23 18:00:00+00:00,21414.72,21602.49,21394.19,21543.77,8645.811
2022-08-23 19:00:00+00:00,21543.77,21578.0,21486.75,21522.01,5849.95942
2022-08-23 20:00:00+00:00,21522.01,21654.91,21454.86,21478.35,6451.33095
2022-08-23 21:00:00+00:00,21479.51,21510.0,21428.0,21489.36,2957.9107
2022-08-23 22:00:00+00:00,21489.36,21588.97,21471.25,21475.5,6154.97813
2022-08-23 23:00:00+00:00,21475.71,21605.44,21455.11,21529.12,5767.53776
2022-08-24 00:00:00+00:00,21529.11,21555.84,21332.8,21385.79,8032.00919
2022-08-24 01:00:00+00:00,21385.79,21431.22,21172.48,21264.71,8089.4515
2022-08-24 02:00:00+00:00,21264.71,21368.08,21145.0,21200.06,7771.60019
2022-08-24 03:00:00+00:00,21200.06,21291.19,21167.58,21264.01,5892.87163
2022-08-24 04:00:00+00:00,21264.01,21362.77,21237.57,21328.56,4919.42586
2022-08-24 05:00:00+00:00,21329.47,21504.97,21311.49,21421.18,8434.11364
2022-08-24 06:00:00+00:00,21421.18,21469.86,21318.09,21404.55,6746.25286
2022-08-24 07:00:00+00:00,21404.55,21452.0,21243.29,21317.85,9573.76912
2022-08-24 08:00:00+00:00,21319.27,21440.07,21300.0,21341.4,7185.92744
2022-08-24 09:00:00+00:00,21341.4,21397.2,21293.39,21314.67,5646.55573
2022-08-24 10:00:00+00:00,21314.67,21385.01,21261.0,21282.16,5679.76892
2022-08-24 11:00:00+00:00,21282.16,21476.23,21271.64,21438.92,7089.8078
2022-08-24 12:00:00+00:00,21439.84,21512.0,21421.22,21486.75,8392.54188
2022-08-24 13:00:00+00:00,21485.6,21508.53,21373.43,21439.86,9335.99877
2022-08-24 14:00:00+00:00,21438.62,21558.0,21400.01,21467.61,9331.6361
2022-08-24 15:00:00+00:00,21467.61,21645.65,21452.82,21618.45,9474.22124
2022-08-24 16:00:00+00:00,21618.46,21900.0,21609.09,21717.89,13574.70464
2022-08-24 17:00:00+00:00,21719.06,21781.89,21605.0,21633.24,7172.13213
2022-08-24 18:00:00+00:00,21633.24,21731.22,21624.02,21674.91,5183.34812
2022-08-24 19:00:00+00:00,21674.91,21809.0,21672.0,21707.58,6177.85231
2022-08-24 20:00:00+00:00,21709.32,21761.92,21677.31,21691.93,4379.2123
2022-08-24 21:00:00+00:00,21691.93,21720.0,21554.0,21592.07,3270.55376
2022-08-24 22:00:00+00:00,21590.77,21655.5,21450.0,21493.73,7954.92987
2022-08-24 23:00:00+00:00,21492.91,21532.99,21361.6,21368.08,5074.53546
2022-08-25 00:00:00+00:00,21368.05,21488.68,21310.15,21481.32,7688.96129
2022-08-25 01:00:00+00:00,21481.21,21637.89,21462.31,21553.87,7150.49502
2022-08-25 02:00:00+00:00,21552.83,21581.22,21511.99,21526.96,5132.68023
2022-08-25 03:00:00+00:00,21527.96,21600.03,21427.0,21468.93,5689.11809
2022-08-25 04:00:00+00:00,21468.12,21563.8,21461.53,21540.79,3910.12207
2022-08-25 05:00:00+00:00,21540.08,21591.6,21492.13,21559.17,4180.18824
2022-08-25 06:00:00+00:00,21559.17,21748.69,21550.0,21692.19,11406.57195
2022-08-25 07:00:00+00:00,21692.19,21762.0,21672.19,21743.29,8224.02878
2022-08-25 08:00:00+00:00,21744.22,21819.88,21678.0,21686.64,9802.83275
2022-08-25 09:00:00+00:00,21687.35,21723.7,21632.71,21705.62,7567.6824
2022-08-25 10:00:00+00:00,21706.99,21721.38,21611.22,21620.02,6358.99589
2022-08-25 11:00:00+00:00,21621.07,21740.47,21612.82,21720.31,7384.64938
2022-08-25 12:00:00+00:00,21720.31,21779.0,21625.53,21675.19,10288.00695
2022-08-25 13:00:00+00:00,21675.19,21741.22,21571.55,21706.7,10894.39583
2022-08-25 14:00:00+00:00,21706.7,21762.2,21645.01,21657.95,9147.64821
2022-08-25 15:00:00+00:00,21657.95,21670.11,21483.38,21565.12,10308.21756
2022-08-25 16:00:00+00:00,21563.92,21588.31,21422.43,21445.0,9049.50527
2022-08-25 17:00:00+00:00,21445.0,21599.9,21430.0,21571.16,7873.14944
2022-08-25 18:00:00+00:00,21572.44,21589.91,21496.67,21539.7,5394.00033
2022-08-25 19:00:00+00:00,21540.54,21646.27,21510.36,21605.2,5477.16447
2022-08-25 20:00:00+00:00,21607.25,21672.0,21551.72,21646.11,5392.026
2022-08-25 21:00:00+00:00,21646.11,21685.0,21561.48,21583.0,2864.81294
2022-08-25 22:00:00+00:00,21583.01,21626.19,21540.24,21576.26,4034.89923
2022-08-25 23:00:00+00:00,21575.17,21622.61,21514.89,21559.04,4695.63069
2022-08-26 00:00:00+00:00,21559.04,21569.0,21431.22,21477.12,8728.33324
2022-08-26 01:00:00+00:00,21478.37,21564.7,21465.35,21558.13,4666.13723
2022-08-26 02:00:00+00:00,21558.7,21614.89,21543.35,21599.1,4417.56421
2022-08-26 03:00:00+00:00,21599.1,21608.23,21548.35,21552.17,3998.50136
2022-08-26 04:00:00+00:00,21552.17,21564.82,21510.48,21530.53,4111.46648
2022-08-26 05:00:00+00:00,21529.69,21534.12,21343.01,21404.25,9625.14722
2022-08-26 06:00:00+00:00,21403.11,21464.56,21369.34,21425.0,5424.3016
2022-08-26 07:00:00+00:00,21425.0,21457.3,21326.66,21452.9,7715.87317
2022-08-26 08:00:00+00:00,21452.9,21468.76,21392.0,21415.12,5412.5476
2022-08-26 09:00:00+00:00,21415.69,21456.79,21405.0,21438.22,4995.20956
2022-08-26 10:00:00+00:00,21436.69,21447.28,21346.99,21395.01,6209.52127
2022-08-26 11:00:00+00:00,21395.01,21417.22,21106.31,21189.77,13327.23939
2022-08-26 12:00:00+00:00,21191.27,21692.09,21156.58,21639.79,18776.11569
2022-08-26 13:00:00+00:00,21638.88,21886.77,21614.96,21753.46,22111.56876
2022-08-26 14:00:00+00:00,21754.84,21809.64,21136.98,21159.93,39005.29487
2022-08-26 15:00:00+00:00,21159.93,21166.45,20635.12,20781.08,33890.47093
2022-08-26 16:00:00+00:00,20780.86,20832.23,20529.74,20722.76,17175.01523
2022-08-26 17:00:00+00:00,20722.72,20777.77,20632.18,20651.75,9377.23011
2022-08-26 18:00:00+00:00,20651.75,20738.86,20534.25,20692.17,11159.10832
2022-08-26 19:00:00+00:00,20692.17,20733.37,20616.05,20644.47,6985.64475
2022-08-26 20:00:00+00:00,20643.01,20749.98,20638.57,20647.78,6711.13925
2022-08-26 21:00:00+00:00,20647.77,20683.76,20568.38,20639.32,3890.48105
2022-08-26 22:00:00+00:00,20639.32,20690.0,20580.08,20612.54,5429.12627
2022-08-26 23:00:00+00:00,20612.54,20630.72,20107.9,20241.05,20668.58199
2022-08-27 00:00:00+00:00,20239.14,20402.93,20141.32,20306.71,11216.14388
2022-08-27 01:00:00+00:00,20307.87,20334.24,20244.32,20276.58,5631.21721
2022-08-27 02:00:00+00:00,20277.99,20295.07,20135.04,20204.77,7298.07599
2022-08-27 03:00:00+00:00,20204.25,20249.65,20188.22,20203.18,5172.98352
2022-08-27 04:00:00+00:00,20204.23,20231.18,20120.1,20145.54,5543.59044
2022-08-27 05:00:00+00:00,20146.82,20166.09,19920.0,20128.38,11260.12967
2022-08-27 06:00:00+00:00,20128.38,20265.95,20092.22,20161.36,7164.45946
2022-08-27 07:00:00+00:00,20161.36,20277.38,20132.0,20272.25,7442.32398
2022-08-27 08:00:00+00:00,20269.9,20279.61,20186.41,20201.02,5393.30285
2022-08-27 09:00:00+00:00,20202.23,20212.42,20135.89,20148.25,5101.20436
2022-08-27 10:00:00+00:00,20149.91,20246.41,20145.0,20180.8,5819.41059
2022-08-27 11:00:00+00:00,20181.92,20255.46,20166.72,20211.21,5385.30935
2022-08-27 12:00:00+00:00,20211.21,20242.02,20178.82,20191.25,4690.83601
2022-08-27 13:00:00+00:00,20189.66,20237.7,20097.22,20171.93,7741.52035
2022-08-27 14:00:00+00:00,20173.16,20213.88,20030.93,20060.82,6461.39031
2022-08-27 15:00:00+00:00,20061.17,20098.3,19800.0,19977.36,14027.97755
2022-08-27 16:00:00+00:00,19976.08,20029.0,19838.8,20002.67,10408.29498
2022-08-27 17:00:00+00:00,20002.67,20100.0,19971.22,19985.67,6822.97998
2022-08-27 18:00:00+00:00,19985.67,20033.92,19945.16,19958.41,4434.89305
2022-08-27 19:00:00+00:00,19959.2,20048.0,19931.36,20018.0,4885.56915
2022-08-27 20:00:00+00:00,20018.0,20040.4,19941.83,20007.99,4374.04918
2022-08-27 21:00:00+00:00,20007.99,20029.84,19870.01,19873.06,2779.32428
2022-08-27 22:00:00+00:00,19874.25,20103.57,19858.43,20020.08,8501.92653
2022-08-27 23:00:00+00:00,20021.35,20087.65,19992.55,20037.6,5025.54765
2022-08-28 00:00:00+00:00,20037.6,20051.22,19926.78,19992.16,5346.54381
2022-08-28 01:00:00+00:00,19991.62,20083.07,19970.23,20019.75,4552.38544
2022-08-28 02:00:00+00:00,20019.39,20171.18,19990.0,20004.47,5491.79511
2022-08-28 03:00:00+00:00,20004.47,20059.14,19970.59,19990.58,3671.52904
2022-08-28 04:00:00+00:00,19991.39,20011.93,19955.79,19995.62,3648.28248
2022-08-28 05:00:00+00:00,19995.62,20055.0,19937.9,20054.75,4026.5527
2022-08-28 06:00:00+00:00,20054.75,20074.43,20020.8,20033.94,4063.24662
2022-08-28 07:00:00+00:00,20034.25,20085.0,20005.29,20056.62,4167.91503
2022-08-28 08:00:00+00:00,20055.85,20107.52,19997.76,20036.69,4978.61704
2022-08-28 09:00:00+00:00,20035.59,20048.07,19995.57,20020.0,3696.71886
2022-08-28 10:00:00+00:00,20019.14,20033.85,19961.52,19995.45,4581.08318
2022-08-28 11:00:00+00:00,19996.27,20041.22,19943.0,20034.97,5489.39812
2022-08-28 12:00:00+00:00,20033.87,20059.99,19890.0,19924.17,6431.28369
2022-08-28 13:00:00+00:00,19924.17,19982.8,19910.1,19938.04,5318.01004
2022-08-28 14:00:00+00:00,19939.67,20006.24,19811.0,19920.01,10417.69243
2022-08-28 15:00:00+00:00,19920.01,20050.03,19903.79,20022.03,6204.47109
2022-08-28 16:00:00+00:00,20022.03,20155.62,19979.29,19991.34,10379.62193
2022-08-28 17:00:00+00:00,19992.6,20061.22,19960.0,19982.09,5313.74576
2022-08-28 18:00:00+00:00,19983.19,20042.79,19974.48,20011.21,3591.71689
2022-08-28 19:00:00+00:00,20012.22,20065.99,19955.1,19973.76,4315.1193
2022-08-28 20:00:00+00:00,19972.31,20046.32,19963.24,19988.03,3914.65619
2022-08-28 21:00:00+00:00,19987.62,20049.96,19940.32,19964.01,2878.33133
2022-08-28 22:00:00+00:00,19964.82,20032.15,19873.99,19903.85,10255.69432
2022-08-28 23:00:00+00:00,19903.85,19920.6,19520.0,19555.61,16573.54936
2022-08-29 00:00:00+00:00,19555.61,19757.67,19550.79,19641.03,12167.09147
2022-08-29 01:00:00+00:00,19641.03,19684.96,19584.37,19660.75,7185.30886
2022-08-29 02:00:00+00:00,19662.02,19793.74,19645.05,19764.25,6847.91963
2022-08-29 03:00:00+00:00,19764.25,19966.56,19732.44,19868.14,9546.72127
2022-08-29 04:00:00+00:00,19866.29,19941.22,19782.29,19804.93,6752.0108
2022-08-29 05:00:00+00:00,19806.17,19837.12,19739.74,19753.84,6107.70301
2022-08-29 06:00:00+00:00,19753.84,19894.92,19752.66,19851.86,6210.90586
2022-08-29 07:00:00+00:00,19850.9,19911.03,19789.85,19897.01,7823.10425
2022-08-29 08:00:00+00:00,19897.01,19923.63,19792.78,19793.72,6757.84896
2022-08-29 09:00:00+00:00,19794.94,19860.72,19788.04,19842.9,6625.65769
2022-08-29 10:00:00+00:00,19842.9,19865.0,19803.09,19827.53,5749.85314
2022-08-29 11:00:00+00:00,19827.53,19842.11,19762.3,19825.09,6505.76097
2022-08-29 12:00:00+00:00,19824.2,20049.35,19805.0,19895.12,13044.25381
2022-08-29 13:00:00+00:00,19895.66,20148.99,19894.65,20081.61,17281.25928
2022-08-29 14:00:00+00:00,20080.43,20384.25,20073.28,20166.54,19636.21147
2022-08-29 15:00:00+00:00,20166.19,20285.97,20152.94,20262.28,10768.71324
2022-08-29 16:00:00+00:00,20263.62,20433.62,20243.0,20315.96,12396.44285
2022-08-29 17:00:00+00:00,20315.96,20332.94,20190.99,20276.3,8654.47628
2022-08-29 18:00:00+00:00,20276.3,20290.0,20116.62,20174.71,7905.21316
2022-08-29 19:00:00+00:00,20176.23,20201.23,20078.92,20098.65,6977.72869
2022-08-29 20:00:00+00:00,20098.65,20199.99,20075.0,20175.81,6124.92548
2022-08-29 21:00:00+00:00,20176.34,20227.59,20127.75,20203.57,3370.91546
2022-08-29 22:00:00+00:00,20203.57,20245.0,20155.98,20203.87,6197.01957
2022-08-29 23:00:00+00:00,20205.1,20351.53,20122.43,20285.73,9872.45025
2022-08-30 00:00:00+00:00,20287.2,20298.75,20185.55,20256.25,8894.4836
2022-08-30 01:00:00+00:00,20254.91,20284.41,20110.0,20163.16,8584.38207
2022-08-30 02:00:00+00:00,20163.16,20205.31,20125.67,20197.26,5313.13235
2022-08-30 03:00:00+00:00,20197.26,20280.81,20159.94,20273.36,5965.17089
2022-08-30 04:00:00+00:00,20273.36,20548.0,20257.32,20466.23,13216.7691
2022-08-30 05:00:00+00:00,20466.23,20470.72,20364.8,20417.59,7568.36682
2022-08-30 06:00:00+00:00,20416.36,20442.52,20374.31,20396.22,7096.40085
2022-08-30 07:00:00+00:00,20396.01,20576.25,20381.22,20434.16,11983.04414
2022-08-30 08:00:00+00:00,20433.65,20503.82,20381.3,20402.68,8010.6105
2022-08-30 09:00:00+00:00,20401.7,20448.73,20384.0,20423.09,6728.7951
2022-08-30 10:00:00+00:00,20423.09,20511.3,20331.99,20394.09,10557.44513
2022-08-30 11:00:00+00:00,20395.22,20419.97,20360.0,20403.8,6598.7235
2022-08-30 12:00:00+00:00,20403.8,20446.64,20285.0,20334.61,10585.12433
2022-08-30 13:00:00+00:00,20335.4,20450.0,20249.12,20271.25,13919.62416
2022-08-30 14:00:00+00:00,20271.42,20303.02,19715.95,19832.03,21483.54446
2022-08-30 15:00:00+00:00,19832.33,19840.84,19650.0,19756.24,17059.52099
2022-08-30 16:00:00+00:00,19756.24,19942.27,19540.0,19616.65,17249.80074
2022-08-30 17:00:00+00:00,19615.37,19699.29,19571.22,19685.99,11801.06316
2022-08-30 18:00:00+00:00,19684.69,19811.22,19673.41,19776.43,10086.79821
2022-08-30 19:00:00+00:00,19776.7,20099.81,19755.45,19947.2,20100.52067
2022-08-30 20:00:00+00:00,19947.2,20059.66,19843.35,19975.32,10540.83784
2022-08-30 21:00:00+00:00,19975.32,20009.99,19815.0,19884.3,5610.80217
2022-08-30 22:00:00+00:00,19882.89,19912.58,19773.0,19907.04,9741.69603
2022-08-30 23:00:00+00:00,19907.04,19928.46,19745.43,19811.66,7937.69848
2022-08-31 00:00:00+00:00,19813.03,19989.9,19797.94,19960.23,8822.52662
2022-08-31 01:00:00+00:00,19961.01,20256.45,19937.41,20236.27,12279.59803
2022-08-31 02:00:00+00:00,20236.27,20417.51,20233.98,20335.19,12242.15628
2022-08-31 03:00:00+00:00,20335.19,20459.32,20295.0,20402.87,10090.71304
2022-08-31 04:00:00+00:00,20401.46,20446.37,20333.47,20343.02,8326.66053
2022-08-31 05:00:00+00:00,20343.55,20386.79,20308.77,20353.21,7775.86099
2022-08-31 06:00:00+00:00,20353.66,20490.0,20205.97,20249.84,13871.23197
2022-08-31 07:00:00+00:00,20249.84,20309.61,20188.0,20258.09,10585.02311
2022-08-31 08:00:00+00:00,20258.09,20331.8,20123.09,20235.81,13891.05159
2022-08-31 09:00:00+00:00,20235.81,20240.6,20161.48,20178.14,10389.60875
2022-08-31 10:00:00+00:00,20178.14,20410.21,20155.23,20334.05,11988.61238
2022-08-31 11:00:00+00:00,20335.45,20390.65,20262.55,20314.78,10003.75231
2022-08-31 12:00:00+00:00,20314.78,20422.0,20185.12,20308.88,15949.67604
2022-08-31 13:00:00+00:00,20307.04,20423.38,20219.93,20306.55,16685.9952
2022-08-31 14:00:00+00:00,20306.55,20347.64,20094.43,20108.27,17994.93575
2022-08-31 15:00:00+00:00,20106.97,20166.05,19870.0,20140.63,18757.08852
2022-08-31 16:00:00+00:00,20142.26,20218.98,20016.06,20040.39,11545.27133
2022-08-31 17:00:00+00:00,20040.39,20144.79,19881.22,19982.31,12893.10145
2022-08-31 18:00:00+00:00,19982.31,20047.58,19939.53,20002.41,9888.39583
2022-08-31 19:00:00+00:00,20001.18,20328.46,19987.72,20228.57,14801.57029
2022-08-31 20:00:00+00:00,20228.57,20243.97,20161.47,20195.1,6181.43435
2022-08-31 21:00:00+00:00,20193.43,20299.97,20160.0,20280.54,3515.16259
2022-08-31 22:00:00+00:00,20280.54,20292.75,20085.7,20155.0,9926.63922
2022-08-31 23:00:00+00:00,20155.0,20157.53,19966.0,20050.02,8540.54148
2022-09-01 00:00:00+00:00,20048.44,20138.15,19917.01,20064.43,11108.70225
2022-09-01 01:00:00+00:00,20064.43,20185.09,20051.22,20127.45,7942.6587
2022-09-01 02:00:00+00:00,20127.45,20208.37,20069.35,20118.09,7256.77429
2022-09-01 03:00:00+00:00,20119.43,20181.22,19931.0,20022.97,9197.00362
2022-09-01 04:00:00+00:00,20023.82,20095.0,19991.45,20055.59,6641.98427
2022-09-01 05:00:00+00:00,20055.59,20139.0,20032.63,20038.97,7495.19589
2022-09-01 06:00:00+00:00,20038.97,20057.09,19948.58,19982.5,9008.24886
2022-09-01 07:00:00+00:00,19981.6,19983.26,19801.38,19895.66,12827.94942
2022-09-01 08:00:00+00:00,19894.97,19939.97,19820.6,19928.09,9010.22704
2022-09-01 09:00:00+00:00,19928.09,19984.12,19822.0,19934.57,10439.44941
2022-09-01 10:00:00+00:00,19934.57,20029.99,19914.63,20020.45,9376.70444
2022-09-01 11:00:00+00:00,20020.46,20126.23,19975.17,20074.01,12156.43583
2022-09-01 12:00:00+00:00,20074.91,20096.39,19887.48,19995.74,13505.55025
2022-09-01 13:00:00+00:00,19996.71,20045.0,19906.0,19972.45,14112.71809
2022-09-01 14:00:00+00:00,19972.45,19990.82,19660.37,19693.1,18683.58731
2022-09-01 15:00:00+00:00,19693.1,19843.82,19652.79,19782.59,11870.66903
2022-09-01 16:00:00+00:00,19783.03,19822.37,19565.66,19659.51,12056.22719
2022-09-01 17:00:00+00:00,19659.51,19938.0,19634.07,19724.43,12408.52352
2022-09-01 18:00:00+00:00,19724.43,19936.0,19703.7,19812.93,11145.37267
2022-09-01 19:00:00+00:00,19812.93,19907.0,19780.11,19871.68,8463.44571
2022-09-01 20:00:00+00:00,19871.68,20099.83,19841.45,20068.72,10970.63433
2022-09-01 21:00:00+00:00,20070.25,20169.41,20039.91,20084.23,5616.73402
2022-09-01 22:00:00+00:00,20085.27,20180.0,20066.45,20078.34,7763.50721
2022-09-01 23:00:00+00:00,20079.03,20150.52,20053.81,20131.46,6231.66928
2022-09-02 00:00:00+00:00,20132.64,20137.13,20047.61,20072.73,6596.35671
2022-09-02 01:00:00+00:00,20072.73,20097.33,20008.65,20050.84,6023.42328
2022-09-02 02:00:00+00:00,20049.83,20082.08,19957.78,20033.01,6853.62093
2022-09-02 03:00:00+00:00,20033.01,20245.89,20029.83,20157.01,10870.15267
2022-09-02 04:00:00+00:00,20157.01,20298.0,20140.37,20161.07,7988.89076
2022-09-02 05:00:00+00:00,20160.1,20174.46,20080.4,20125.29,7623.12675
2022-09-02 06:00:00+00:00,20125.29,20134.95,20058.74,20106.9,7011.77294
2022-09-02 07:00:00+00:00,20106.68,20123.22,20037.14,20111.24,7006.03992
2022-09-02 08:00:00+00:00,20111.24,20143.87,20066.42,20092.62,6526.18812
2022-09-02 09:00:00+00:00,20092.62,20167.46,20072.75,20134.05,7028.17228
2022-09-02 10:00:00+00:00,20134.05,20179.19,20041.34,20067.33,8552.52535
2022-09-02 11:00:00+00:00,20067.33,20100.19,19991.0,20090.81,7312.0119
2022-09-02 12:00:00+00:00,20090.81,20355.0,20020.06,20282.82,23070.24502
2022-09-02 13:00:00+00:00,20282.82,20402.24,20245.27,20266.12,20871.05981
2022-09-02 14:00:00+00:00,20266.11,20441.26,20200.0,20362.19,14830.28127
2022-09-02 15:00:00+00:00,20363.48,20401.22,20283.38,20355.85,10189.34357
2022-09-02 16:00:00+00:00,20355.85,20387.3,20091.69,20129.78,14637.47585
2022-09-02 17:00:00+00:00,20128.56,20129.88,19761.03,19802.27,19158.12364
2022-09-02 18:00:00+00:00,19802.19,20078.9,19755.29,19934.51,17713.34618
2022-09-02 19:00:00+00:00,19935.87,19989.53,19781.26,19910.43,12847.61745
2022-09-02 20:00:00+00:00,19909.23,19981.79,19858.4,19964.68,6240.94706
2022-09-02 21:00:00+00:00,19964.68,20026.66,19924.33,19977.31,3796.92617
2022-09-02 22:00:00+00:00,19976.09,20019.93,19876.87,19989.49,7726.53765
2022-09-02 23:00:00+00:00,19989.49,20002.33,19922.15,19951.86,5512.41802
2022-09-03 00:00:00+00:00,19950.98,20055.93,19917.0,20001.34,7300.74401
2022-09-03 01:00:00+00:00,20001.34,20008.99,19928.0,19954.41,5966.60503
2022-09-03 02:00:00+00:00,19953.95,19966.87,19888.91,19939.0,6068.01863
2022-09-03 03:00:00+00:00,19939.0,19940.49,19866.77,19899.69,6652.53228
2022-09-03 04:00:00+00:00,19899.69,19937.09,19884.37,19923.46,4987.75595
2022-09-03 05:00:00+00:00,19923.46,19968.11,19923.46,19944.32,4875.3057
2022-09-03 06:00:00+00:00,19943.93,19949.99,19823.38,19883.08,6112.50384
2022-09-03 07:00:00+00:00,19884.32,19912.0,19754.77,19815.63,7426.14133
2022-09-03 08:00:00+00:00,19815.63,19854.12,19765.0,19785.31,7788.89006
2022-09-03 09:00:00+00:00,19785.31,19822.16,19726.1,19796.83,7405.14222
2022-09-03 10:00:00+00:00,19795.94,19868.86,19793.04,19849.13,5939.02176
2022-09-03 11:00:00+00:00,19849.13,19857.55,19768.23,19798.76,6035.82096
2022-09-03 12:00:00+00:00,19798.73,19860.0,19787.56,19850.72,6066.57225
2022-09-03 13:00:00+00:00,19850.72,19904.68,19819.09,19863.84,5769.29878
2022-09-03 14:00:00+00:00,19863.16,19867.13,19774.95,19816.75,5963.70412
2022-09-03 15:00:00+00:00,19816.75,19832.67,19748.88,19772.95,6793.42534
2022-09-03 16:00:00+00:00,19772.95,19835.0,19771.46,19787.81,5827.52194
2022-09-03 17:00:00+00:00,19787.81,19828.83,19753.24,19816.0,6213.18541
2022-09-03 18:00:00+00:00,19816.0,19829.95,19736.2,19753.26,5001.86934
2022-09-03 19:00:00+00:00,19753.26,19818.45,19652.72,19710.0,10396.48408
2022-09-03 20:00:00+00:00,19710.0,19749.91,19677.29,19742.68,6391.3057
2022-09-03 21:00:00+00:00,19743.82,19777.0,19728.35,19750.76,2519.19954
2022-09-03 22:00:00+00:00,19750.06,19824.0,19749.79,19793.7,4792.23998
2022-09-03 23:00:00+00:00,19794.83,19850.0,19762.07,19831.9,4345.74379
2022-09-04 00:00:00+00:00,19832.45,19861.94,19799.69,19807.29,4959.52168
2022-09-04 01:00:00+00:00,19807.29,19836.05,19773.16,19778.92,3671.41229
2022-09-04 02:00:00+00:00,19779.74,19813.58,19771.23,19792.33,3552.18529
2022-09-04 03:00:00+00:00,19792.33,19814.62,19740.07,19772.79,4122.66878
2022-09-04 04:00:00+00:00,19772.81,19812.19,19755.0,19801.74,3497.59498
2022-09-04 05:00:00+00:00,19801.74,19807.13,19761.43,19768.97,3618.90522
2022-09-04 06:00:00+00:00,19768.94,19787.25,19679.01,19700.96,6128.14239
2022-09-04 07:00:00+00:00,19700.96,19733.81,19615.0,19632.4,6206.63254
2022-09-04 08:00:00+00:00,19630.95,19759.83,19583.1,19736.2,9372.81815
2022-09-04 09:00:00+00:00,19737.02,19832.48,19727.48,19777.12,7289.67094
2022-09-04 10:00:00+00:00,19777.13,19799.6,19744.2,19757.27,5356.21454
2022-09-04 11:00:00+00:00,19756.28,19852.92,19707.15,19850.79,5914.5946
2022-09-04 12:00:00+00:00,19849.89,19940.0,19777.0,19874.98,9534.51154
2022-09-04 13:00:00+00:00,19874.98,19886.54,19685.15,19712.64,8184.80139
2022-09-04 14:00:00+00:00,19713.6,19754.88,19650.0,19746.71,7401.05993
2022-09-04 15:00:00+00:00,19747.54,19793.32,19682.84,19789.9,5443.21289
2022-09-04 16:00:00+00:00,19790.84,19917.53,19722.0,19890.41,8428.52217
2022-09-04 17:00:00+00:00,19890.41,19956.54,19829.22,19838.47,7347.45801
2022-09-04 18:00:00+00:00,19838.47,19884.34,19800.0,19847.0,5381.46008
2022-09-04 19:00:00+00:00,19847.69,19922.01,19821.21,19882.69,4674.12147
2022-09-04 20:00:00+00:00,19883.18,19932.38,19863.97,19901.81,4092.41042
2022-09-04 21:00:00+00:00,19900.84,19933.34,19830.0,19860.66,3508.44345
2022-09-04 22:00:00+00:00,19860.66,19887.7,19815.0,19833.72,7125.36502
2022-09-04 23:00:00+00:00,19834.86,20029.23,19823.73,20000.3,10777.05116
2022-09-05 00:00:00+00:00,20000.3,20057.27,19878.02,19914.13,10824.02768
2022-09-05 01:00:00+00:00,19914.13,19971.22,19815.0,19839.57,9245.25757
2022-09-05 02:00:00+00:00,19839.57,19867.49,19809.56,19853.4,8017.48555
2022-09-05 03:00:00+00:00,19852.73,19906.38,19813.07,19884.91,7515.48347
2022-09-05 04:00:00+00:00,19884.88,19913.09,19837.09,19886.99,7291.69193
2022-09-05 05:00:00+00:00,19886.99,19888.78,19681.22,19726.04,13386.16721
2022-09-05 06:00:00+00:00,19726.04,19802.0,19703.98,19787.2,8805.06161
2022-09-05 07:00:00+00:00,19786.75,19797.42,19706.41,19750.0,8581.21932
2022-09-05 08:00:00+00:00,19750.51,19792.76,19721.78,19781.65,7396.87913
2022-09-05 09:00:00+00:00,19781.65,19805.47,19729.0,19768.59,7505.74556
2022-09-05 10:00:00+00:00,19768.59,19787.68,19655.0,19691.07,10410.4663
2022-09-05 11:00:00+00:00,19691.07,19723.99,19633.83,19701.95,9974.8362
2022-09-05 12:00:00+00:00,19701.95,19755.31,19667.02,19727.37,10031.01343
2022-09-05 13:00:00+00:00,19726.45,19795.88,19710.51,19744.01,9370.69083
2022-09-05 14:00:00+00:00,19743.22,19880.0,19725.65,19843.21,10278.38284
2022-09-05 15:00:00+00:00,19843.81,19950.7,19832.3,19854.59,15526.80831
2022-09-05 16:00:00+00:00,19854.59,19912.4,19821.22,19845.97,10757.66577
2022-09-05 17:00:00+00:00,19845.97,19858.46,19790.78,19826.49,7421.89084
2022-09-05 18:00:00+00:00,19826.49,19846.65,19670.14,19741.39,12137.33988
2022-09-05 19:00:00+00:00,19741.78,19778.0,19692.0,19708.64,7460.33377
2022-09-05 20:00:00+00:00,19708.64,19794.99,19697.1,19739.7,7636.04202
2022-09-05 21:00:00+00:00,19740.62,19800.0,19700.0,19750.01,4805.35547
2022-09-05 22:00:00+00:00,19750.01,19820.77,19723.7,19804.57,8172.84173
2022-09-05 23:00:00+00:00,19805.95,19870.8,19752.88,19796.84,9990.32415
2022-09-06 00:00:00+00:00,19795.34,20174.58,19776.67,20101.01,18887.74022
2022-09-06 01:00:00+00:00,20100.26,20180.0,19755.05,19771.81,19653.50113
2022-09-06 02:00:00+00:00,19771.81,19828.78,19673.44,19816.58,19355.07434
2022-09-06 03:00:00+00:00,19816.36,19827.0,19701.55,19790.01,10850.51777
2022-09-06 04:00:00+00:00,19790.01,19855.49,19755.0,19761.82,9873.41296
2022-09-06 05:00:00+00:00,19761.95,19842.7,19730.74,19780.9,11391.48241
2022-09-06 06:00:00+00:00,19782.1,19894.58,19763.54,19858.23,11154.42064
2022-09-06 07:00:00+00:00,19858.23,19948.14,19846.84,19905.79,12193.82769
2022-09-06 08:00:00+00:00,19906.88,20027.29,19861.4,20016.57,12504.41357
2022-09-06 09:00:00+00:00,20017.81,20030.82,19877.08,19915.05,11783.19427
2022-09-06 10:00:00+00:00,19915.05,20003.64,19900.16,19914.91,9111.03394
2022-09-06 11:00:00+00:00,19915.44,19962.0,19860.66,19918.33,11088.95527
2022-09-06 12:00:00+00:00,19918.33,19993.67,19846.39,19854.93,13998.78785
2022-09-06 13:00:00+00:00,19852.88,19908.73,19710.0,19781.57,17262.90628
2022-09-06 14:00:00+00:00,19780.65,19864.75,19663.7,19838.81,21170.98111
2022-09-06 15:00:00+00:00,19838.81,19888.26,19772.89,19818.37,15159.18749
2022-09-06 16:00:00+00:00,19818.37,19855.0,19677.31,19747.25,14040.25042
2022-09-06 17:00:00+00:00,19747.25,19756.33,18900.0,19102.32,36618.67851
2022-09-06 18:00:00+00:00,19102.3,19135.48,18945.05,18958.66,18616.99875
2022-09-06 19:00:00+00:00,18958.66,19019.61,18733.97,18824.41,18571.29777
2022-09-06 20:00:00+00:00,18823.48,19011.22,18649.51,18982.41,17755.15199
2022-09-06 21:00:00+00:00,18983.59,19120.0,18922.3,18978.6,6955.24684
2022-09-06 22:00:00+00:00,18978.6,19000.0,18880.62,18909.14,8469.17668
2022-09-06 23:00:00+00:00,18908.09,18920.0,18782.13,18790.61,9848.81928
2022-09-07 00:00:00+00:00,18790.61,18873.17,18656.19,18833.11,15856.22484
2022-09-07 01:00:00+00:00,18833.11,18861.22,18764.15,18787.65,10727.61927
2022-09-07 02:00:00+00:00,18787.65,18828.53,18510.77,18611.13,15366.98897
2022-09-07 03:00:00+00:00,18610.75,18749.33,18608.16,18745.85,11261.60114
2022-09-07 04:00:00+00:00,18745.01,18760.6,18671.22,18721.62,9598.918
2022-09-07 05:00:00+00:00,18720.89,18799.68,18707.23,18759.07,8967.77585
2022-09-07 06:00:00+00:00,18759.31,18843.68,18726.48,18792.95,9070.45287
2022-09-07 07:00:00+00:00,18793.8,18823.97,18722.98,18800.43,10220.87606
2022-09-07 08:00:00+00:00,18799.61,18859.98,18768.0,18804.98,9204.16043
2022-09-07 09:00:00+00:00,18804.99,18823.67,18764.04,18788.19,7343.08074
2022-09-07 10:00:00+00:00,18788.19,18804.35,18730.01,18748.71,8188.96027
2022-09-07 11:00:00+00:00,18748.71,18782.54,18691.22,18739.59,9886.09963
2022-09-07 12:00:00+00:00,18739.78,18786.47,18674.33,18779.9,10656.08588
2022-09-07 13:00:00+00:00,18779.9,18931.8,18773.39,18840.36,18942.42079
2022-09-07 14:00:00+00:00,18840.93,18968.58,18814.22,18905.71,14846.05438
2022-09-07 15:00:00+00:00,18905.71,18936.17,18849.67,18871.35,11228.50534
2022-09-07 16:00:00+00:00,18870.6,18981.22,18850.42,18916.41,13195.70226
2022-09-07 17:00:00+00:00,18916.41,19031.88,18906.0,18998.95,12093.76272
2022-09-07 18:00:00+00:00,18998.95,19188.5,18960.0,19074.73,16534.64511
2022-09-07 19:00:00+00:00,19074.73,19200.0,18990.01,18992.38,14080.69585
2022-09-07 20:00:00+00:00,18992.37,19454.05,18987.89,19387.62,22878.3499
2022-09-07 21:00:00+00:00,19387.62,19464.06,19273.46,19364.28,9577.33864
2022-09-07 22:00:00+00:00,19364.28,19427.0,19314.05,19337.21,9982.01993
2022-09-07 23:00:00+00:00,19337.2,19353.08,19246.24,19292.84,7686.43993
2022-09-08 00:00:00+00:00,19292.85,19384.81,19230.96,19304.51,9421.3868
2022-09-08 01:00:00+00:00,19304.51,19330.02,19151.48,19183.59,8638.09015
2022-09-08 02:00:00+00:00,19183.18,19257.53,19182.35,19238.62,6918.06016
2022-09-08 03:00:00+00:00,19238.62,19260.0,19191.23,19218.4,6921.5607
2022-09-08 04:00:00+00:00,19218.4,19391.22,19211.16,19352.29,10159.21982
2022-09-08 05:00:00+00:00,19351.56,19366.96,19285.09,19302.79,7029.05661
2022-09-08 06:00:00+00:00,19302.6,19351.64,19224.0,19234.31,8804.88316
2022-09-08 07:00:00+00:00,19234.94,19267.35,19056.0,19171.66,17613.60172
2022-09-08 08:00:00+00:00,19171.6,19233.07,19144.29,19227.74,9485.10041
2022-09-08 09:00:00+00:00,19226.9,19240.38,19142.29,19185.04,8605.4149
2022-09-08 10:00:00+00:00,19185.77,19350.99,19172.63,19307.68,11371.83701
2022-09-08 11:00:00+00:00,19307.68,19397.71,19279.08,19311.15,8983.03667
2022-09-08 12:00:00+00:00,19311.6,19378.19,19099.91,19143.12,17276.27335
2022-09-08 13:00:00+00:00,19143.12,19358.94,19012.0,19227.67,23631.72004
2022-09-08 14:00:00+00:00,19227.67,19320.44,19093.6,19315.83,19413.37003
2022-09-08 15:00:00+00:00,19314.44,19349.46,19226.02,19250.81,13058.16418
2022-09-08 16:00:00+00:00,19250.81,19263.16,19093.13,19189.8,14205.33226
2022-09-08 17:00:00+00:00,19189.78,19246.26,19118.46,19199.28,12777.6069
2022-09-08 18:00:00+00:00,19198.57,19246.68,19168.0,19201.24,9962.24108
2022-09-08 19:00:00+00:00,19200.43,19354.04,19181.3,19352.38,9722.83423
2022-09-08 20:00:00+00:00,19352.38,19458.25,19328.2,19376.49,10821.03865
2022-09-08 21:00:00+00:00,19376.49,19383.37,19283.57,19331.89,4151.25745
2022-09-08 22:00:00+00:00,19331.89,19333.2,19251.9,19306.12,7295.27205
2022-09-08 23:00:00+00:00,19305.46,19342.29,19281.0,19319.77,6546.9244
2022-09-09 00:00:00+00:00,19320.54,19399.81,19291.75,19367.99,8654.49193
2022-09-09 01:00:00+00:00,19367.37,19392.81,19327.05,19334.01,6998.50358
2022-09-09 02:00:00+00:00,19334.86,19451.89,19331.53,19398.31,8927.52944
2022-09-09 03:00:00+00:00,19398.31,19956.12,19390.06,19950.73,20866.8486
2022-09-09 04:00:00+00:00,19949.59,20454.58,19928.47,20361.17,27567.46597
2022-09-09 05:00:00+00:00,20361.16,20688.0,20341.32,20534.0,22742.07192
2022-09-09 06:00:00+00:00,20533.97,20800.0,20470.78,20693.48,17902.52565
2022-09-09 07:00:00+00:00,20693.13,20763.99,20586.66,20631.76,16472.09927
2022-09-09 08:00:00+00:00,20631.76,20976.2,20625.26,20779.91,18669.1599
2022-09-09 09:00:00+00:00,20779.91,20792.71,20631.6,20747.46,15072.94265
2022-09-09 10:00:00+00:00,20747.46,21200.0,20715.0,21074.56,25861.30913
2022-09-09 11:00:00+00:00,21074.89,21090.83,20879.1,20937.72,18363.03383
2022-09-09 12:00:00+00:00,20937.72,21261.22,20918.44,21074.36,23141.72086
2022-09-09 13:00:00+00:00,21075.04,21096.3,20912.37,21004.97,21728.52383
2022-09-09 14:00:00+00:00,21003.75,21124.4,20964.42,21100.12,20358.07517
2022-09-09 15:00:00+00:00,21100.69,21337.72,21057.02,21266.79,24648.22974
2022-09-09 16:00:00+00:00,21266.76,21403.05,21143.53,21295.52,26768.93854
2022-09-09 17:00:00+00:00,21297.42,21437.9,21171.22,21246.72,21161.98848
2022-09-09 18:00:00+00:00,21245.55,21254.29,21129.0,21168.86,16647.30412
2022-09-09 19:00:00+00:00,21168.86,21314.02,21152.96,21291.62,15029.52419
2022-09-09 20:00:00+00:00,21291.62,21340.0,21205.81,21294.5,9878.99999
2022-09-09 21:00:00+00:00,21293.71,21334.42,21186.07,21250.38,6168.0954
2022-09-09 22:00:00+00:00,21250.38,21399.99,21225.2,21347.09,12784.08572
2022-09-09 23:00:00+00:00,21346.47,21597.22,21247.74,21360.11,22506.27861
2022-09-10 00:00:00+00:00,21361.62,21391.65,21163.25,21258.74,18546.09215
2022-09-10 01:00:00+00:00,21258.39,21346.2,21251.22,21289.63,9901.43136
2022-09-10 02:00:00+00:00,21289.63,21316.25,21195.08,21301.74,9371.31613
2022-09-10 03:00:00+00:00,21302.94,21376.49,21279.31,21303.07,8426.91104
2022-09-10 04:00:00+00:00,21301.88,21456.13,21292.3,21453.23,12277.50762
2022-09-10 05:00:00+00:00,21453.94,21672.24,21417.88,21543.98,19805.56587
2022-09-10 06:00:00+00:00,21544.66,21585.0,21462.39,21525.26,12200.30177
2022-09-10 07:00:00+00:00,21525.26,21560.93,21251.59,21283.87,15119.0247
2022-09-10 08:00:00+00:00,21283.89,21385.23,21278.54,21327.82,12273.03351
2022-09-10 09:00:00+00:00,21327.82,21393.99,21300.01,21321.97,9408.49911
2022-09-10 10:00:00+00:00,21322.5,21386.94,21253.5,21340.75,11598.5041
2022-09-10 11:00:00+00:00,21341.17,21375.6,21282.02,21285.11,9331.22774
2022-09-10 12:00:00+00:00,21285.11,21363.01,21169.25,21309.23,15873.8332
2022-09-10 13:00:00+00:00,21308.63,21313.15,21132.0,21174.38,12863.46587
2022-09-10 14:00:00+00:00,21172.82,21283.23,21111.13,21242.48,12413.59896
2022-09-10 15:00:00+00:00,21242.48,21296.1,21190.09,21219.36,11468.68974
2022-09-10 16:00:00+00:00,21220.18,21446.97,21171.44,21407.08,16491.44534
2022-09-10 17:00:00+00:00,21408.24,21423.8,21280.06,21287.12,10735.44534
2022-09-10 18:00:00+00:00,21287.84,21487.99,21281.1,21447.62,13029.20702
2022-09-10 19:00:00+00:00,21446.86,21646.0,21433.4,21579.1,13883.40578
2022-09-10 20:00:00+00:00,21579.1,21598.95,21361.64,21423.53,12546.24781
2022-09-10 21:00:00+00:00,21423.53,21796.18,21420.36,21606.07,11016.02678
2022-09-10 22:00:00+00:00,21606.07,21810.8,21580.0,21758.0,17082.44701
2022-09-10 23:00:00+00:00,21757.98,21792.63,21641.02,21648.34,12334.10709
2022-09-11 00:00:00+00:00,21647.21,21682.6,21537.58,21548.91,10049.83834
2022-09-11 01:00:00+00:00,21548.91,21671.32,21530.11,21610.85,10448.95624
2022-09-11 02:00:00+00:00,21610.15,21625.64,21450.01,21507.1,9854.97204
2022-09-11 03:00:00+00:00,21505.86,21565.11,21504.44,21542.42,7502.01819
2022-09-11 04:00:00+00:00,21542.42,21643.61,21537.18,21556.42,8822.66499
2022-09-11 05:00:00+00:00,21555.12,21617.53,21524.2,21590.3,8402.73532
2022-09-11 06:00:00+00:00,21590.3,21634.4,21350.0,21442.22,14291.14932
2022-09-11 07:00:00+00:00,21442.22,21620.95,21428.56,21611.49,11704.38756
2022-09-11 08:00:00+00:00,21610.82,21726.6,21557.38,21670.68,12618.30349
2022-09-11 09:00:00+00:00,21670.68,21698.35,21584.22,21604.0,9945.23222
2022-09-11 10:00:00+00:00,21604.14,21676.52,21571.43,21593.97,8961.43819
2022-09-11 11:00:00+00:00,21594.82,21698.36,21593.2,21613.03,11192.09236
2022-09-11 12:00:00+00:00,21613.03,21653.15,21500.0,21615.47,13756.46709
2022-09-11 13:00:00+00:00,21616.74,21627.32,21506.3,21542.93,11333.41072
2022-09-11 14:00:00+00:00,21542.93,21568.18,21455.0,21511.69,11872.53723
2022-09-11 15:00:00+00:00,21511.69,21753.75,21496.37,21643.16,16507.10279
2022-09-11 16:00:00+00:00,21642.07,21723.63,21591.79,21679.07,12322.90889
2022-09-11 17:00:00+00:00,21679.07,21860.0,21600.0,21628.35,16062.38028
2022-09-11 18:00:00+00:00,21628.35,21682.52,21530.0,21548.83,12359.72722
2022-09-11 19:00:00+00:00,21549.78,21629.55,21540.35,21617.99,9050.27545
2022-09-11 20:00:00+00:00,21617.99,21680.7,21456.67,21635.72,16364.93994
2022-09-11 21:00:00+00:00,21634.98,21736.49,21463.0,21511.51,10315.91105
2022-09-11 22:00:00+00:00,21511.51,21684.36,21509.97,21635.88,14271.1547
2022-09-11 23:00:00+00:00,21635.88,21850.0,21576.65,21826.87,12691.94787
2022-09-12 00:00:00+00:00,21826.87,21855.51,21632.89,21637.99,14759.33137
2022-09-12 01:00:00+00:00,21638.38,22374.0,21569.1,22044.29,26039.43365
2022-09-12 02:00:00+00:00,22044.75,22101.47,21659.26,21768.53,25541.64916
2022-09-12 03:00:00+00:00,21769.77,21833.61,21538.51,21656.87,19347.9701
2022-09-12 04:00:00+00:00,21656.43,21749.0,21627.34,21715.19,12078.71807
2022-09-12 05:00:00+00:00,21714.49,21793.13,21671.23,21785.59,12506.23481
2022-09-12 06:00:00+00:00,21785.59,21847.82,21699.2,21818.89,13505.53762
2022-09-12 07:00:00+00:00,21817.99,22232.09,21802.0,22193.64,25815.477
2022-09-12 08:00:00+00:00,22195.78,22328.9,22111.52,22228.44,22996.53055
2022-09-12 09:00:00+00:00,22227.66,22258.91,22122.3,22167.34,15921.62201
2022-09-12 10:00:00+00:00,22167.34,22222.08,21970.43,22154.46,16864.98566
2022-09-12 11:00:00+00:00,22154.46,22472.68,22102.61,22312.75,21748.21608
2022-09-12 12:00:00+00:00,22313.57,22424.69,22202.21,22355.25,18180.95669
2022-09-12 13:00:00+00:00,22355.25,22467.35,22277.24,22394.96,17729.5391
2022-09-12 14:00:00+00:00,22394.96,22488.0,22293.88,22316.39,16655.20439
2022-09-12 15:00:00+00:00,22316.4,22347.0,22000.0,22114.5,18209.48069
2022-09-12 16:00:00+00:00,22112.59,22273.59,22010.96,22217.41,16320.47272
2022-09-12 17:00:00+00:00,22218.23,22385.7,22137.43,22355.8,14466.63758
2022-09-12 18:00:00+00:00,22355.8,22415.0,22270.0,22398.91,14180.08909
2022-09-12 19:00:00+00:00,22397.23,22454.0,22356.77,22426.08,12385.70363
2022-09-12 20:00:00+00:00,22428.25,22480.71,22363.11,22402.97,11242.35144
2022-09-12 21:00:00+00:00,22402.97,22429.0,22252.37,22337.28,8250.67838
2022-09-12 22:00:00+00:00,22337.28,22405.29,22259.44,22323.5,10963.92393
2022-09-12 23:00:00+00:00,22323.5,22404.0,22311.13,22395.74,9684.87456
2022-09-13 00:00:00+00:00,22395.44,22445.86,22106.66,22213.49,16484.36275
2022-09-13 01:00:00+00:00,22213.49,22289.89,22151.63,22237.35,12672.27484
2022-09-13 02:00:00+00:00,22236.79,22280.0,22054.07,22255.89,14552.62775
2022-09-13 03:00:00+00:00,22255.86,22284.8,22156.98,22231.58,10758.39928
2022-09-13 04:00:00+00:00,22232.72,22367.82,22178.57,22285.56,10764.16219
2022-09-13 05:00:00+00:00,22285.0,22434.77,22264.97,22385.33,13169.03854
2022-09-13 06:00:00+00:00,22384.52,22627.0,22247.51,22317.85,18473.02033
2022-09-13 07:00:00+00:00,22318.06,22441.06,22257.58,22273.09,20317.15067
2022-09-13 08:00:00+00:00,22271.59,22310.0,22182.09,22230.41,14323.10701
2022-09-13 09:00:00+00:00,22230.48,22433.92,22227.05,22381.47,15723.12056
2022-09-13 10:00:00+00:00,22382.38,22596.0,22347.82,22531.18,15005.77133
2022-09-13 11:00:00+00:00,22531.96,22713.92,22482.0,22522.74,20330.90707
2022-09-13 12:00:00+00:00,22522.74,22799.0,21342.0,21398.32,43966.86446
2022-09-13 13:00:00+00:00,21398.32,21520.0,21171.22,21193.61,31232.82803
2022-09-13 14:00:00+00:00,21196.25,21263.27,20850.76,21010.72,29149.42312
2022-09-13 15:00:00+00:00,21009.74,21069.3,20751.0,20829.77,22904.39128
2022-09-13 16:00:00+00:00,20829.77,20905.9,20678.07,20766.79,20307.33549
2022-09-13 17:00:00+00:00,20766.79,20927.73,20723.37,20764.12,15811.75402
2022-09-13 18:00:00+00:00,20763.31,20790.41,20230.78,20246.35,20731.66373
2022-09-13 19:00:00+00:00,20248.52,20346.0,20030.0,20283.58,19949.15336
2022-09-13 20:00:00+00:00,20284.89,20421.15,20224.1,20233.14,11263.72471
2022-09-13 21:00:00+00:00,20233.14,20281.0,19860.0,20131.58,12954.1903
2022-09-13 22:00:00+00:00,20131.58,20265.0,20068.85,20224.16,12591.56219
2022-09-13 23:00:00+00:00,20224.16,20245.0,20098.87,20173.57,8478.20032
2022-09-14 00:00:00+00:00,20173.62,20220.38,20042.15,20198.49,13176.18185
2022-09-14 01:00:00+00:00,20198.49,20318.51,20182.36,20301.29,12836.82248
2022-09-14 02:00:00+00:00,20301.29,20541.48,20287.65,20444.29,14589.70824
2022-09-14 03:00:00+00:00,20444.29,20465.0,20300.11,20323.04,11762.31328
2022-09-14 04:00:00+00:00,20323.04,20405.77,20282.09,20390.1,10126.54677
2022-09-14 05:00:00+00:00,20390.1,20392.3,20297.57,20315.56,7967.9109
2022-09-14 06:00:00+00:00,20314.81,20329.68,20218.15,20239.64,11707.64081
2022-09-14 07:00:00+00:00,20239.64,20329.53,20130.98,20243.89,12959.33484
2022-09-14 08:00:00+00:00,20243.22,20419.83,20190.24,20384.88,15738.23668
2022-09-14 09:00:00+00:00,20383.97,20405.0,20311.93,20347.79,11044.67154
2022-09-14 10:00:00+00:00,20347.79,20388.15,20310.06,20340.78,9752.5418
2022-09-14 11:00:00+00:00,20340.0,20362.08,20091.19,20225.35,15010.20751
2022-09-14 12:00:00+00:00,20224.74,20347.91,20070.0,20309.11,23491.94453
2022-09-14 13:00:00+00:00,20309.08,20389.99,20182.44,20310.64,21260.29961
2022-09-14 14:00:00+00:00,20310.64,20316.76,20104.02,20293.6,21472.69767
2022-09-14 15:00:00+00:00,20292.56,20332.09,20150.0,20178.79,15945.50966
2022-09-14 16:00:00+00:00,20178.16,20219.41,20108.58,20142.01,15114.49048
2022-09-14 17:00:00+00:00,20142.01,20238.71,20093.23,20105.17,12402.13835
2022-09-14 18:00:00+00:00,20104.16,20132.93,19617.62,19777.83,26754.60983
2022-09-14 19:00:00+00:00,19777.83,20002.59,19712.84,19952.11,17158.66278
2022-09-14 20:00:00+00:00,19951.83,19990.86,19892.85,19946.22,9336.1402
2022-09-14 21:00:00+00:00,19945.04,20229.15,19851.21,20201.81,9279.58394
2022-09-14 22:00:00+00:00,20202.83,20393.37,20133.46,20296.11,13572.672
2022-09-14 23:00:00+00:00,20296.22,20313.15,20188.36,20226.71,8365.53576
2022-09-15 00:00:00+00:00,20227.17,20270.61,20140.5,20157.77,11767.68243
2022-09-15 01:00:00+00:00,20158.42,20199.0,19955.5,20194.61,12889.52135
2022-09-15 02:00:00+00:00,20194.61,20197.23,20015.81,20098.45,9632.59859
2022-09-15 03:00:00+00:00,20098.45,20107.99,19920.0,20023.59,14804.45755
2022-09-15 04:00:00+00:00,20023.59,20092.66,19955.43,20025.33,12367.63674
2022-09-15 05:00:00+00:00,20025.91,20195.0,20002.0,20145.89,11184.44909
2022-09-15 06:00:00+00:00,20145.82,20313.59,19980.0,20100.14,25071.88624
2022-09-15 07:00:00+00:00,20098.77,20330.24,20063.2,20204.23,19578.1281
2022-09-15 08:00:00+00:00,20204.23,20225.0,20025.0,20149.31,15423.71112
2022-09-15 09:00:00+00:00,20149.31,20199.75,20052.6,20132.4,11743.18989
2022-09-15 10:00:00+00:00,20133.01,20209.97,20102.8,20155.71,10188.51724
2022-09-15 11:00:00+00:00,20154.89,20200.0,20085.97,20148.35,10585.32411
2022-09-15 12:00:00+00:00,20149.59,20194.12,20060.0,20126.84,13811.11915
2022-09-15 13:00:00+00:00,20125.65,20148.86,19985.3,20119.47,16116.25536
2022-09-15 14:00:00+00:00,20119.47,20175.4,19643.01,19703.51,25140.24771
2022-09-15 15:00:00+00:00,19706.02,19848.0,19497.0,19737.36,26385.38616
2022-09-15 16:00:00+00:00,19737.36,19873.79,19644.1,19864.16,15480.29209
2022-09-15 17:00:00+00:00,19864.74,19947.56,19790.03,19829.86,12910.01006
2022-09-15 18:00:00+00:00,19829.86,19880.0,19726.53,19762.28,10154.52406
2022-09-15 19:00:00+00:00,19762.28,19844.0,19670.0,19782.36,12079.08239
2022-09-15 20:00:00+00:00,19780.71,19855.42,19755.8,19850.32,7471.16481
2022-09-15 21:00:00+00:00,19849.1,19894.99,19784.27,19828.85,5002.39818
2022-09-15 22:00:00+00:00,19829.55,19830.68,19578.0,19729.11,12912.26652
2022-09-15 23:00:00+00:00,19729.11,19758.95,19634.7,19701.88,10369.91182
2022-09-16 00:00:00+00:00,19701.88,19788.74,19582.05,19786.41,14350.93747
2022-09-16 01:00:00+00:00,19787.46,19814.99,19705.71,19729.12,8742.02709
2022-09-16 02:00:00+00:00,19730.1,19769.19,19675.79,19749.5,9397.24449
2022-09-16 03:00:00+00:00,19749.49,19779.99,19690.0,19744.77,7204.24908
2022-09-16 04:00:00+00:00,19744.77,19859.99,19740.18,19824.95,9050.94367
2022-09-16 05:00:00+00:00,19824.95,19842.1,19741.02,19752.75,7548.91123
2022-09-16 06:00:00+00:00,19752.75,19806.89,19730.01,19764.18,7930.23988
2022-09-16 07:00:00+00:00,19764.18,19799.27,19728.0,19739.1,8273.9425
2022-09-16 08:00:00+00:00,19739.1,19759.27,19610.13,19684.61,13220.76139
2022-09-16 09:00:00+00:00,19684.61,19790.99,19681.38,19757.54,9759.85783
2022-09-16 10:00:00+00:00,19757.54,19844.41,19740.3,19795.79,9230.40885
2022-09-16 11:00:00+00:00,19795.01,19890.0,19774.55,19867.82,10649.03929
2022-09-16 12:00:00+00:00,19868.75,19875.61,19674.69,19689.85,12376.22223
2022-09-16 13:00:00+00:00,19689.39,19776.62,19442.76,19526.78,18800.84959
2022-09-16 14:00:00+00:00,19527.24,19800.0,19497.64,19661.82,22360.21389
2022-09-16 15:00:00+00:00,19661.82,19745.03,19571.0,19661.24,16084.95873
2022-09-16 16:00:00+00:00,19661.24,19661.89,19460.31,19535.54,15657.50533
2022-09-16 17:00:00+00:00,19535.54,19556.44,19320.01,19441.99,22387.46219
2022-09-16 18:00:00+00:00,19441.0,19582.26,19378.68,19557.54,17142.48797
2022-09-16 19:00:00+00:00,19557.54,19650.0,19550.0,19618.91,14804.30669
2022-09-16 20:00:00+00:00,19617.34,19758.05,19612.42,19756.29,9317.04631
2022-09-16 21:00:00+00:00,19756.29,19819.22,19712.01,19746.03,4949.08899
2022-09-16 22:00:00+00:00,19746.03,19775.58,19698.01,19728.84,7702.25331
2022-09-16 23:00:00+00:00,19729.88,19808.2,19693.05,19803.3,6850.11264
2022-09-17 00:00:00+00:00,19803.3,20071.09,19770.0,19948.03,12494.33356
2022-09-17 01:00:00+00:00,19949.72,20059.0,19945.52,20000.39,9250.70604
2022-09-17 02:00:00+00:00,20001.05,20016.16,19866.29,19909.33,7441.17002
2022-09-17 03:00:00+00:00,19910.07,19926.01,19875.27,19884.93,4997.87743
2022-09-17 04:00:00+00:00,19884.5,19988.89,19876.42,19936.55,6066.88673
2022-09-17 05:00:00+00:00,19935.29,19937.52,19819.0,19860.26,7755.87751
2022-09-17 06:00:00+00:00,19860.26,19879.0,19785.49,19839.7,6228.61897
2022-09-17 07:00:00+00:00,19840.72,19863.45,19795.55,19842.09,6502.46975
2022-09-17 08:00:00+00:00,19842.22,19894.7,19841.64,19877.69,6377.84024
2022-09-17 09:00:00+00:00,19877.69,19916.61,19860.57,19876.42,6198.27728
2022-09-17 10:00:00+00:00,19875.59,19902.86,19811.58,19863.67,8114.4531
2022-09-17 11:00:00+00:00,19864.44,19873.17,19806.64,19810.22,6699.03346
2022-09-17 12:00:00+00:00,19810.22,19876.69,19748.08,19858.42,8920.97043
2022-09-17 13:00:00+00:00,19858.42,19907.99,19844.06,19899.3,6232.15414
2022-09-17 14:00:00+00:00,19899.3,19957.46,19872.33,19922.89,8402.77467
2022-09-17 15:00:00+00:00,19922.89,20037.99,19879.17,19963.34,7891.26018
2022-09-17 16:00:00+00:00,19963.34,20189.0,19935.08,20126.95,15801.2591
2022-09-17 17:00:00+00:00,20126.95,20182.73,20040.15,20079.74,8550.18345
2022-09-17 18:00:00+00:00,20080.78,20101.94,20021.52,20068.08,5897.23789
2022-09-17 19:00:00+00:00,20068.07,20077.37,19979.43,20009.21,6403.3663
2022-09-17 20:00:00+00:00,20009.27,20088.71,19982.9,20077.99,5303.84408
2022-09-17 21:00:00+00:00,20077.99,20092.64,19940.0,20034.83,4600.4371
2022-09-17 22:00:00+00:00,20034.83,20139.33,20022.2,20126.21,6713.16957
2022-09-17 23:00:00+00:00,20126.21,20145.76,20091.2,20113.62,6506.04238
2022-09-18 00:00:00+00:00,20112.61,20117.26,19949.95,19982.96,9901.5095
2022-09-18 01:00:00+00:00,19984.06,20055.87,19971.75,19996.25,7060.0675
2022-09-18 02:00:00+00:00,19997.3,20047.31,19995.0,20032.41,5123.25892
2022-09-18 03:00:00+00:00,20032.92,20038.65,19951.0,20000.33,6559.30453
2022-09-18 04:00:00+00:00,20000.33,20033.37,19953.58,20010.57,5760.80635
2022-09-18 05:00:00+00:00,20010.57,20085.14,19995.96,20071.8,4748.91706
2022-09-18 06:00:00+00:00,20071.8,20098.0,20029.88,20038.55,5746.91721
2022-09-18 07:00:00+00:00,20039.62,20089.73,20034.06,20053.17,6562.76015
2022-09-18 08:00:00+00:00,20052.57,20102.16,20022.13,20053.75,6343.77209
2022-09-18 09:00:00+00:00,20054.11,20076.3,19800.0,19833.34,12459.62937
2022-09-18 10:00:00+00:00,19833.95,20043.61,19765.01,19916.48,16977.82838
2022-09-18 11:00:00+00:00,19915.39,19950.46,19878.33,19922.92,8024.29781
2022-09-18 12:00:00+00:00,19922.29,20029.81,19850.91,19989.29,10979.02635
2022-09-18 13:00:00+00:00,19988.92,20015.0,19938.77,19963.04,8362.72068
2022-09-18 14:00:00+00:00,19963.66,19967.08,19725.0,19810.95,14442.40212
2022-09-18 15:00:00+00:00,19810.95,19877.18,19772.92,19814.63,12102.5795
2022-09-18 16:00:00+00:00,19814.63,19879.44,19640.25,19746.54,19629.76214
2022-09-18 17:00:00+00:00,19744.94,19762.9,19607.26,19632.42,14246.52924
2022-09-18 18:00:00+00:00,19632.33,19719.85,19562.45,19635.8,13095.30902
2022-09-18 19:00:00+00:00,19635.8,19745.43,19600.0,19725.87,11844.55397
2022-09-18 20:00:00+00:00,19725.58,19753.95,19668.04,19722.36,9944.4772
2022-09-18 21:00:00+00:00,19722.36,19724.14,19401.09,19463.67,18310.38255
2022-09-18 22:00:00+00:00,19463.67,19482.38,19335.62,19446.88,14613.98729
2022-09-18 23:00:00+00:00,19446.88,19531.71,19376.96,19416.18,11376.67011
2022-09-19 00:00:00+00:00,19417.45,19518.17,19389.72,19458.2,9285.13628
2022-09-19 01:00:00+00:00,19458.62,19499.95,19395.18,19447.69,8209.97325
2022-09-19 02:00:00+00:00,19447.92,19479.21,18670.0,18765.15,24568.45353
2022-09-19 03:00:00+00:00,18766.39,18834.06,18700.0,18776.93,15710.21871
2022-09-19 04:00:00+00:00,18775.89,18879.08,18767.1,18813.88,12974.39993
2022-09-19 05:00:00+00:00,18813.88,18831.31,18386.0,18459.71,14687.27313
2022-09-19 06:00:00+00:00,18459.1,18579.63,18232.56,18475.08,20351.34046
2022-09-19 07:00:00+00:00,18475.07,18509.51,18391.46,18468.74,20516.7266
2022-09-19 08:00:00+00:00,18468.74,18524.06,18408.1,18416.63,12920.37558
2022-09-19 09:00:00+00:00,18415.69,18473.77,18367.88,18463.09,14621.49953
2022-09-19 10:00:00+00:00,18462.12,18786.9,18438.05,18777.36,20676.65591
2022-09-19 11:00:00+00:00,18777.71,18800.0,18617.02,18684.87,17627.33125
2022-09-19 12:00:00+00:00,18685.77,18865.3,18676.47,18818.93,15820.32939
2022-09-19 13:00:00+00:00,18818.93,19180.0,18739.49,19107.19,20931.40039
2022-09-19 14:00:00+00:00,19107.19,19433.48,19017.56,19303.37,26679.53771
2022-09-19 15:00:00+00:00,19303.37,19346.59,19051.0,19080.49,20697.73875
2022-09-19 16:00:00+00:00,19081.24,19231.27,19063.55,19207.61,11617.87392
2022-09-19 17:00:00+00:00,19207.61,19219.17,18926.83,18964.59,13102.03544
2022-09-19 18:00:00+00:00,18963.78,19166.13,18877.0,19159.54,12496.92584
2022-09-19 19:00:00+00:00,19160.39,19560.35,19153.68,19514.8,23381.35401
2022-09-19 20:00:00+00:00,19514.8,19645.0,19413.53,19518.93,14824.33438
2022-09-19 21:00:00+00:00,19518.93,19686.2,19477.6,19518.49,8742.89951
2022-09-19 22:00:00+00:00,19516.67,19680.0,19459.54,19603.17,10901.50683
2022-09-19 23:00:00+00:00,19601.35,19638.35,19513.11,19537.02,9167.08273
2022-09-20 00:00:00+00:00,19537.02,19634.62,19432.66,19516.89,13764.63947
2022-09-20 01:00:00+00:00,19517.82,19521.82,19373.73,19465.42,11023.34911
2022-09-20 02:00:00+00:00,19464.28,19487.85,19410.01,19468.03,8326.3816
2022-09-20 03:00:00+00:00,19468.03,19473.98,19174.74,19364.19,12718.78213
2022-09-20 04:00:00+00:00,19364.19,19368.07,19265.55,19331.5,8112.22565
2022-09-20 05:00:00+00:00,19331.5,19433.37,19315.76,19372.87,7554.10375
2022-09-20 06:00:00+00:00,19372.3,19403.98,19307.0,19379.89,7003.86284
2022-09-20 07:00:00+00:00,19379.17,19589.0,19233.38,19357.93,17300.64629
2022-09-20 08:00:00+00:00,19358.87,19424.29,19287.34,19304.35,12312.77112
2022-09-20 09:00:00+00:00,19304.35,19331.69,19150.0,19229.99,12621.38324
2022-09-20 10:00:00+00:00,19230.75,19320.0,19174.76,19309.83,10888.70884
2022-09-20 11:00:00+00:00,19310.36,19344.99,19201.19,19219.49,11618.86905
2022-09-20 12:00:00+00:00,19219.49,19230.38,19056.53,19124.94,16990.35278
2022-09-20 13:00:00+00:00,19125.86,19137.11,18777.0,18921.37,21676.63864
2022-09-20 14:00:00+00:00,18922.57,19113.92,18870.07,19069.58,21445.6496
2022-09-20 15:00:00+00:00,19068.55,19269.17,18989.86,19238.1,18295.06122
2022-09-20 16:00:00+00:00,19238.09,19319.28,18969.23,19101.99,19373.16896
2022-09-20 17:00:00+00:00,19101.99,19112.11,18711.87,18766.83,20704.4762
2022-09-20 18:00:00+00:00,18767.91,19014.93,18753.17,18974.22,18087.61256
2022-09-20 19:00:00+00:00,18974.22,19103.0,18950.56,18993.33,16984.22499
2022-09-20 20:00:00+00:00,18993.33,19077.66,18938.17,18972.2,9868.02519
2022-09-20 21:00:00+00:00,18971.12,19093.45,18875.8,18875.8,7776.70573
2022-09-20 22:00:00+00:00,18876.47,18968.52,18830.0,18960.6,10150.06956
2022-09-20 23:00:00+00:00,18960.6,18968.96,18785.01,18875.0,9500.62008
2022-09-21 00:00:00+00:00,18874.31,18958.35,18829.3,18933.62,10708.67863
2022-09-21 01:00:00+00:00,18933.5,18966.94,18872.28,18886.04,7322.51855
2022-09-21 02:00:00+00:00,18886.92,19060.26,18880.42,19013.91,8281.02543
2022-09-21 03:00:00+00:00,19013.17,19029.99,18979.33,19021.17,5454.80008
2022-09-21 04:00:00+00:00,19022.24,19033.41,18961.46,19003.35,6052.61929
2022-09-21 05:00:00+00:00,19002.8,19135.57,18901.0,18923.1,8905.88011
2022-09-21 06:00:00+00:00,18923.1,18992.92,18791.2,18876.75,14471.59327
2022-09-21 07:00:00+00:00,18876.75,18973.44,18797.1,18947.82,10197.35437
2022-09-21 08:00:00+00:00,18946.8,18952.48,18823.53,18870.51,8284.5767
2022-09-21 09:00:00+00:00,18871.41,19029.72,18840.5,18997.66,10497.04177
2022-09-21 10:00:00+00:00,18998.34,19154.96,18944.11,19103.65,13044.09931
2022-09-21 11:00:00+00:00,19104.54,19205.93,19080.19,19165.93,12183.95223
2022-09-21 12:00:00+00:00,19165.18,19282.8,19114.46,19247.78,14578.35306
2022-09-21 13:00:00+00:00,19247.78,19339.41,19223.22,19271.55,16981.97914
2022-09-21 14:00:00+00:00,19272.74,19477.77,19213.12,19253.29,20008.08868
2022-09-21 15:00:00+00:00,19252.61,19311.12,19084.17,19191.17,16712.14663
2022-09-21 16:00:00+00:00,19191.81,19366.52,19169.37,19235.21,12349.2815
2022-09-21 17:00:00+00:00,19235.21,19897.0,19224.73,19867.93,21153.29081
2022-09-21 18:00:00+00:00,19867.91,19956.0,18666.0,19636.01,62287.8954
2022-09-21 19:00:00+00:00,19637.81,19699.99,18978.94,19001.03,33870.32207
2022-09-21 20:00:00+00:00,19002.76,19072.72,18841.68,18926.26,18538.8478
2022-09-21 21:00:00+00:00,18926.26,18926.27,18325.0,18466.87,19548.52365
2022-09-21 22:00:00+00:00,18466.87,18500.0,18125.98,18488.93,19059.86694
2022-09-21 23:00:00+00:00,18487.94,18593.3,18420.39,18461.36,14541.36479
2022-09-22 00:00:00+00:00,18461.36,18548.55,18356.39,18389.22,16250.51153
2022-09-22 01:00:00+00:00,18389.22,18526.55,18358.67,18513.44,13612.42428
2022-09-22 02:00:00+00:00,18513.44,18770.0,18480.42,18744.02,14976.54134
2022-09-22 03:00:00+00:00,18744.02,18789.04,18638.02,18690.39,14464.83018
2022-09-22 04:00:00+00:00,18690.39,18808.34,18662.5,18705.42,11848.64029
2022-09-22 05:00:00+00:00,18704.4,18730.83,18617.41,18669.21,11603.03185
2022-09-22 06:00:00+00:00,18669.13,18879.98,18661.07,18767.74,16151.04152
2022-09-22 07:00:00+00:00,18768.14,18969.87,18730.01,18934.29,14932.35124
2022-09-22 08:00:00+00:00,18934.29,19285.12,18906.1,19203.01,20447.25743
2022-09-22 09:00:00+00:00,19203.9,19235.55,19091.96,19179.81,14599.55811
2022-09-22 10:00:00+00:00,19179.81,19243.77,19078.25,19149.56,13397.05258
2022-09-22 11:00:00+00:00,19148.97,19272.06,19030.39,19229.81,17539.10731
2022-09-22 12:00:00+00:00,19229.81,19317.66,19141.0,19203.61,18409.49563
2022-09-22 13:00:00+00:00,19203.61,19221.26,18889.34,18903.67,21541.08918
2022-09-22 14:00:00+00:00,18902.81,19073.5,18849.67,18880.22,22021.38447
2022-09-22 15:00:00+00:00,18881.5,19026.58,18794.06,18986.89,17903.46836
2022-09-22 16:00:00+00:00,18985.96,19095.4,18780.01,19042.07,17079.74234
2022-09-22 17:00:00+00:00,19041.1,19118.0,18944.57,19068.84,15508.39443
2022-09-22 18:00:00+00:00,19069.37,19218.0,18969.17,19193.35,17326.64566
2022-09-22 19:00:00+00:00,19192.32,19499.0,19191.65,19311.19,22855.57611
2022-09-22 20:00:00+00:00,19309.43,19360.33,19240.92,19248.48,12520.46005
2022-09-22 21:00:00+00:00,19248.48,19288.26,19150.0,19175.2,7334.70902
2022-09-22 22:00:00+00:00,19175.2,19437.85,19170.19,19397.56,13965.87516
2022-09-22 23:00:00+00:00,19397.56,19550.17,19358.9,19401.63,13032.53304
2022-09-23 00:00:00+00:00,19401.63,19467.0,19304.03,19307.46,12093.7499
2022-09-23 01:00:00+00:00,19307.46,19381.6,19225.73,19355.3,12503.00906
2022-09-23 02:00:00+00:00,19354.98,19363.0,19232.0,19295.0,10798.19314
2022-09-23 03:00:00+00:00,19293.96,19449.74,19284.42,19394.62,11570.85212
2022-09-23 04:00:00+00:00,19393.14,19500.0,19314.65,19412.62,11602.95139
2022-09-23 05:00:00+00:00,19411.95,19465.11,19356.31,19357.39,10258.60293
2022-09-23 06:00:00+00:00,19357.39,19417.99,19312.85,19330.36,9357.10875
2022-09-23 07:00:00+00:00,19331.69,19335.49,19200.0,19223.27,13656.96002
2022-09-23 08:00:00+00:00,19223.27,19273.52,19026.0,19069.34,16611.48822
2022-09-23 09:00:00+00:00,19069.34,19148.1,18964.66,19083.78,16186.61452
2022-09-23 10:00:00+00:00,19083.78,19121.15,18930.0,18964.41,15801.31326
2022-09-23 11:00:00+00:00,18964.41,18994.9,18835.0,18862.72,18382.01567
2022-09-23 12:00:00+00:00,18862.72,18956.98,18825.0,18896.74,14717.47963
2022-09-23 13:00:00+00:00,18896.74,19077.02,18624.05,18641.04,22155.93254
2022-09-23 14:00:00+00:00,18640.69,18749.02,18531.42,18674.45,26280.65592
2022-09-23 15:00:00+00:00,18674.41,18855.0,18586.0,18711.86,23180.47645
2022-09-23 16:00:00+00:00,18712.08,18788.42,18572.55,18765.54,21096.48128
2022-09-23 17:00:00+00:00,18766.72,18852.28,18633.25,18770.0,21128.74863
2022-09-23 18:00:00+00:00,18770.0,18834.42,18620.28,18635.02,21562.25099
2022-09-23 19:00:00+00:00,18636.12,18829.71,18620.31,18807.57,20617.96022
2022-09-23 20:00:00+00:00,18807.57,18956.85,18807.57,18852.17,14795.747
2022-09-23 21:00:00+00:00,18853.46,19044.02,18803.0,19010.43,7749.80073
2022-09-23 22:00:00+00:00,19010.43,19341.09,18995.08,19333.18,17836.41446
2022-09-23 23:00:00+00:00,19332.39,19406.73,19231.05,19289.91,15942.11146
2022-09-24 00:00:00+00:00,19288.57,19316.14,19070.61,19146.12,15461.74283
2022-09-24 01:00:00+00:00,19146.9,19223.51,19075.03,19118.23,11466.69284
2022-09-24 02:00:00+00:00,19118.23,19195.54,19077.0,19126.91,10854.01531
2022-09-24 03:00:00+00:00,19127.44,19150.0,19029.8,19121.92,9981.79181
2022-09-24 04:00:00+00:00,19121.92,19189.0,19083.17,19164.33,10048.35855
2022-09-24 05:00:00+00:00,19164.33,19173.9,19094.97,19136.04,10242.75616
2022-09-24 06:00:00+00:00,19136.9,19164.25,19055.79,19078.19,8934.26734
2022-09-24 07:00:00+00:00,19078.19,19084.27,18925.94,18997.14,11653.39145
2022-09-24 08:00:00+00:00,18996.63,19086.41,18940.23,19081.53,11151.29231
2022-09-24 09:00:00+00:00,19080.7,19119.75,18963.19,19025.51,8552.22171
2022-09-24 10:00:00+00:00,19025.51,19069.01,18976.79,19038.11,7949.04237
2022-09-24 11:00:00+00:00,19038.78,19097.39,19003.53,19051.63,8305.21431
2022-09-24 12:00:00+00:00,19052.24,19200.0,19051.62,19154.29,10564.7256
2022-09-24 13:00:00+00:00,19155.08,19225.92,19108.17,19119.75,11085.73481
2022-09-24 14:00:00+00:00,19119.78,19140.17,19057.56,19085.36,10611.83304
2022-09-24 15:00:00+00:00,19085.91,19127.56,19012.49,19124.14,10809.44926
2022-09-24 16:00:00+00:00,19124.14,19195.0,19080.52,19093.86,10860.59728
2022-09-24 17:00:00+00:00,19093.65,19173.12,19054.2,19085.65,8420.20654
2022-09-24 18:00:00+00:00,19085.65,19136.87,19050.03,19128.11,7357.97517
2022-09-24 19:00:00+00:00,19126.9,19135.95,19086.27,19103.3,6847.83535
2022-09-24 20:00:00+00:00,19102.68,19150.81,19075.7,19141.08,6040.0426
2022-09-24 21:00:00+00:00,19142.04,19149.54,18845.92,18950.78,8972.52341
2022-09-24 22:00:00+00:00,18950.3,18951.56,18805.34,18886.34,13125.40721
2022-09-24 23:00:00+00:00,18886.34,18954.11,18858.95,18920.5,10199.4502
2022-09-25 00:00:00+00:00,18921.99,18984.78,18913.43,18963.13,9778.47552
2022-09-25 01:00:00+00:00,18962.23,18995.76,18918.01,18976.44,6508.42823
2022-09-25 02:00:00+00:00,18976.44,18982.7,18918.76,18948.89,7478.62464
2022-09-25 03:00:00+00:00,18948.89,19062.0,18931.17,19053.67,7765.42982
2022-09-25 04:00:00+00:00,19052.83,19070.1,19002.64,19008.91,4721.6984
2022-09-25 05:00:00+00:00,19008.91,19037.0,18937.62,18992.75,5859.99293
2022-09-25 06:00:00+00:00,18992.75,19067.62,18983.14,19024.31,4954.86243
2022-09-25 07:00:00+00:00,19024.91,19132.21,19006.61,19098.09,7522.17882
2022-09-25 08:00:00+00:00,19098.09,19123.57,19072.71,19083.33,5703.62232
2022-09-25 09:00:00+00:00,19082.37,19092.69,19027.8,19041.88,5827.03901
2022-09-25 10:00:00+00:00,19042.73,19103.59,18982.0,19069.47,6677.81579
2022-09-25 11:00:00+00:00,19070.06,19180.21,19067.0,19117.94,8172.18621
2022-09-25 12:00:00+00:00,19117.95,19144.23,19049.0,19087.88,7755.04779
2022-09-25 13:00:00+00:00,19088.25,19089.19,18867.98,18934.88,12052.96249
2022-09-25 14:00:00+00:00,18935.52,18958.3,18841.91,18916.39,9371.44627
2022-09-25 15:00:00+00:00,18916.39,19010.06,18910.75,18988.74,6608.26486
2022-09-25 16:00:00+00:00,18988.74,19123.27,18946.56,18972.58,9619.19486
2022-09-25 17:00:00+00:00,18972.5,19036.0,18867.51,19004.01,9910.05183
2022-09-25 18:00:00+00:00,19004.01,19013.34,18863.0,18933.16,6315.18189
2022-09-25 19:00:00+00:00,18934.22,18997.52,18850.01,18915.49,6342.54736
2022-09-25 20:00:00+00:00,18915.49,18953.56,18885.61,18902.2,4997.26786
2022-09-25 21:00:00+00:00,18902.2,18940.29,18716.97,18743.1,6727.02599
2022-09-25 22:00:00+00:00,18743.1,18910.0,18629.2,18788.38,17113.76152
2022-09-25 23:00:00+00:00,18787.64,18845.09,18730.0,18807.38,13408.34236
2022-09-26 00:00:00+00:00,18809.13,18932.35,18746.66,18772.96,16884.71629
2022-09-26 01:00:00+00:00,18772.96,18913.95,18721.02,18879.43,14488.0536
2022-09-26 02:00:00+00:00,18879.43,18940.0,18838.61,18855.02,14757.82752
2022-09-26 03:00:00+00:00,18853.82,18948.11,18831.02,18868.39,14176.20258
2022-09-26 04:00:00+00:00,18869.07,18918.96,18797.84,18808.23,11659.19988
2022-09-26 05:00:00+00:00,18808.23,18824.34,18735.87,18769.81,15076.34457
2022-09-26 06:00:00+00:00,18769.14,18829.89,18689.41,18701.2,17202.55375
2022-09-26 07:00:00+00:00,18699.55,18935.0,18680.72,18911.18,23169.24382
2022-09-26 08:00:00+00:00,18911.18,19289.06,18900.01,19272.83,26740.08523
2022-09-26 09:00:00+00:00,19273.55,19318.96,19063.64,19082.72,26678.09152
2022-09-26 10:00:00+00:00,19082.72,19187.34,19030.67,19093.17,20316.64025
2022-09-26 11:00:00+00:00,19094.34,19122.4,18803.13,18876.62,22639.5905
2022-09-26 12:00:00+00:00,18876.62,19147.51,18817.62,19094.36,24365.42971
2022-09-26 13:00:00+00:00,19095.35,19239.78,19026.43,19191.11,27909.65141
2022-09-26 14:00:00+00:00,19190.45,19280.0,19117.76,19136.64,24722.72394
2022-09-26 15:00:00+00:00,19138.08,19147.65,18980.01,19113.48,20275.71304
2022-09-26 16:00:00+00:00,19113.48,19120.76,18967.59,19085.07,20716.99698
2022-09-26 17:00:00+00:00,19085.07,19148.0,19007.58,19115.53,15931.12069
2022-09-26 18:00:00+00:00,19114.21,19220.0,19067.53,19171.32,17892.47325
2022-09-26 19:00:00+00:00,19173.02,19269.69,19120.0,19202.77,20303.05673
2022-09-26 20:00:00+00:00,19202.16,19212.93,19102.19,19113.86,11213.45785
2022-09-26 21:00:00+00:00,19114.59,19146.94,19070.05,19097.32,4942.78212
2022-09-26 22:00:00+00:00,19096.63,19209.99,19071.61,19138.41,13663.20109
2022-09-26 23:00:00+00:00,19138.41,19246.33,19113.01,19227.82,13514.06311
2022-09-27 00:00:00+00:00,19226.68,19373.0,19187.63,19346.3,21563.77657
2022-09-27 01:00:00+00:00,19345.34,19894.98,19335.28,19766.56,28771.992
2022-09-27 02:00:00+00:00,19765.26,20097.45,19669.85,20080.97,23231.9007
2022-09-27 03:00:00+00:00,20073.33,20300.0,19959.49,20099.04,28861.92426
2022-09-27 04:00:00+00:00,20099.04,20136.36,19982.39,20047.4,20039.09061
2022-09-27 05:00:00+00:00,20047.4,20224.49,19958.85,20210.99,21758.68156
2022-09-27 06:00:00+00:00,20210.06,20350.0,20135.54,20194.41,24367.56421
2022-09-27 07:00:00+00:00,20195.87,20291.64,20169.52,20183.74,21150.60144
2022-09-27 08:00:00+00:00,20183.74,20229.28,20105.28,20145.81,19838.2231
2022-09-27 09:00:00+00:00,20146.73,20219.83,20091.3,20182.53,21878.98969
2022-09-27 10:00:00+00:00,20181.62,20283.09,20177.97,20221.67,19506.29629
2022-09-27 11:00:00+00:00,20221.67,20338.39,20175.0,20229.26,21868.57452
2022-09-27 12:00:00+00:00,20230.35,20385.86,20210.91,20270.88,23549.93453
2022-09-27 13:00:00+00:00,20270.88,20346.75,20094.27,20194.88,31485.77519
2022-09-27 14:00:00+00:00,20194.88,20239.75,20081.87,20204.36,30411.87158
2022-09-27 15:00:00+00:00,20204.36,20252.9,19865.0,19887.73,26552.58678
2022-09-27 16:00:00+00:00,19887.78,19954.49,18918.77,19110.79,48272.39208
2022-09-27 17:00:00+00:00,19110.79,19115.89,18863.01,18957.2,35230.16729
2022-09-27 18:00:00+00:00,18957.95,19159.83,18816.32,19140.98,32524.80986
2022-09-27 19:00:00+00:00,19140.98,19180.0,18963.57,19077.59,27682.65801
2022-09-27 20:00:00+00:00,19077.59,19104.05,18953.22,19073.46,20090.99258
2022-09-27 21:00:00+00:00,19073.46,19079.22,18929.15,18994.5,10372.37362
2022-09-27 22:00:00+00:00,18993.43,19101.3,18926.91,19080.2,17911.99732
2022-09-27 23:00:00+00:00,19079.5,19169.39,19066.36,19079.13,16337.56782
2022-09-28 00:00:00+00:00,19078.1,19238.28,19070.22,19096.83,21441.13215
2022-09-28 01:00:00+00:00,19095.87,19146.85,18936.49,19003.85,21054.97507
2022-09-28 02:00:00+00:00,19003.85,19016.16,18471.28,18634.02,28783.01284
2022-09-28 03:00:00+00:00,18633.67,18778.16,18622.74,18745.65,18609.13186
2022-09-28 04:00:00+00:00,18746.2,18830.82,18713.53,18763.47,14986.83273
2022-09-28 05:00:00+00:00,18764.2,18834.0,18655.54,18824.26,16187.76351
2022-09-28 06:00:00+00:00,18822.61,18883.04,18684.23,18696.95,17906.35811
2022-09-28 07:00:00+00:00,18696.95,18809.13,18622.0,18781.48,22013.48984
2022-09-28 08:00:00+00:00,18782.49,18795.0,18696.0,18741.17,17534.33227
2022-09-28 09:00:00+00:00,18741.17,18746.04,18565.0,18652.02,23587.57466
2022-09-28 10:00:00+00:00,18652.02,19155.08,18576.0,19004.44,36184.02773
2022-09-28 11:00:00+00:00,19005.13,19043.52,18857.17,18955.43,23746.05456
2022-09-28 12:00:00+00:00,18954.96,19127.46,18940.02,19072.62,22576.34939
2022-09-28 13:00:00+00:00,19072.62,19200.0,19012.0,19122.95,25643.91236
2022-09-28 14:00:00+00:00,19122.95,19477.62,19039.47,19382.25,32587.68926
2022-09-28 15:00:00+00:00,19382.25,19500.0,19363.93,19487.79,26945.25673
2022-09-28 16:00:00+00:00,19487.79,19666.66,19467.07,19507.67,28024.04111
2022-09-28 17:00:00+00:00,19508.44,19609.5,19256.07,19345.55,25830.48586
2022-09-28 18:00:00+00:00,19345.55,19635.56,19281.0,19555.58,25085.35791
2022-09-28 19:00:00+00:00,19555.58,19659.2,19464.29,19546.72,21622.84307
2022-09-28 20:00:00+00:00,19546.72,19627.21,19491.87,19568.23,14430.07286
2022-09-28 21:00:00+00:00,19569.61,19790.0,19525.84,19618.44,10604.42236
2022-09-28 22:00:00+00:00,19618.79,19666.48,19411.58,19485.75,14428.39974
2022-09-28 23:00:00+00:00,19485.75,19558.78,19386.22,19412.82,11571.93949
2022-09-29 00:00:00+00:00,19412.82,19529.04,19371.52,19437.99,16346.13095
2022-09-29 01:00:00+00:00,19438.16,19605.0,19420.16,19496.53,14381.57913
2022-09-29 02:00:00+00:00,19496.53,19532.81,19277.01,19438.05,23967.76337
2022-09-29 03:00:00+00:00,19437.61,19539.21,19385.0,19507.5,13386.09908
2022-09-29 04:00:00+00:00,19507.5,19629.0,19490.92,19583.3,13185.90917
2022-09-29 05:00:00+00:00,19583.3,19596.14,19412.87,19453.94,13346.98868
2022-09-29 06:00:00+00:00,19454.78,19455.18,19291.81,19385.02,16204.33609
2022-09-29 07:00:00+00:00,19385.74,19409.89,19267.0,19359.71,16716.44052
2022-09-29 08:00:00+00:00,19360.4,19400.56,19301.27,19344.34,12878.51925
2022-09-29 09:00:00+00:00,19345.18,19506.66,19322.54,19481.33,14115.15321
2022-09-29 10:00:00+00:00,19481.33,19496.17,19409.8,19438.44,9962.3904
2022-09-29 11:00:00+00:00,19437.39,19550.0,19376.09,19463.04,14512.71298
2022-09-29 12:00:00+00:00,19463.04,19476.16,19127.81,19211.63,26210.05286
2022-09-29 13:00:00+00:00,19211.63,19365.38,18917.0,18992.08,26689.34618
2022-09-29 14:00:00+00:00,18993.22,19261.7,18843.01,19197.36,31442.66192
2022-09-29 15:00:00+00:00,19197.36,19336.0,19163.81,19288.85,23053.42696
2022-09-29 16:00:00+00:00,19288.78,19645.52,19146.86,19444.28,25848.54993
2022-09-29 17:00:00+00:00,19446.0,19538.44,19253.71,19261.58,17488.5291
2022-09-29 18:00:00+00:00,19263.5,19426.7,19117.5,19299.89,21004.15174
2022-09-29 19:00:00+00:00,19301.25,19487.96,19296.68,19405.37,15817.49109
2022-09-29 20:00:00+00:00,19402.63,19540.71,19379.74,19505.64,9727.75583
2022-09-29 21:00:00+00:00,19507.09,19520.0,19417.87,19430.15,5310.54832
2022-09-29 22:00:00+00:00,19431.42,19539.56,19417.88,19456.07,11951.94972
2022-09-29 23:00:00+00:00,19455.06,19620.0,19430.04,19591.51,12876.44608
2022-09-30 00:00:00+00:00,19590.54,19700.0,19431.25,19545.35,21508.671
2022-09-30 01:00:00+00:00,19545.35,19547.49,19438.77,19508.1,15328.24987
2022-09-30 02:00:00+00:00,19508.1,19510.69,19346.2,19360.51,15764.6744
2022-09-30 03:00:00+00:00,19361.06,19422.43,19311.99,19398.12,11950.33472
2022-09-30 04:00:00+00:00,19397.72,19468.18,19387.87,19430.33,8902.41867
2022-09-30 05:00:00+00:00,19430.33,19497.05,19420.84,19446.01,8738.78564
2022-09-30 06:00:00+00:00,19446.01,19504.65,19393.55,19445.14,10492.43097
2022-09-30 07:00:00+00:00,19445.14,19640.0,19438.71,19571.35,19369.9924
2022-09-30 08:00:00+00:00,19570.74,19635.53,19524.82,19623.8,12267.65535
2022-09-30 09:00:00+00:00,19623.8,19630.58,19491.11,19527.02,12658.85981
2022-09-30 10:00:00+00:00,19528.02,19562.12,19441.92,19485.77,15975.87996
2022-09-30 11:00:00+00:00,19485.77,19519.0,19400.32,19436.29,14939.73635
2022-09-30 12:00:00+00:00,19435.79,19503.9,19155.36,19297.19,31268.82643
2022-09-30 13:00:00+00:00,19298.59,19484.0,19234.88,19472.09,28423.64835
2022-09-30 14:00:00+00:00,19472.09,20058.24,19436.49,19993.09,46632.77191
2022-09-30 15:00:00+00:00,19994.45,20185.0,19689.68,19756.01,38532.89948
2022-09-30 16:00:00+00:00,19756.02,19873.5,19565.52,19712.63,28359.08951
2022-09-30 17:00:00+00:00,19715.03,19819.0,19600.1,19679.33,17779.85628
2022-09-30 18:00:00+00:00,19679.33,19838.36,19612.17,19667.91,16368.5951
2022-09-30 19:00:00+00:00,19666.83,19768.19,19470.29,19473.52,18501.28498
2022-09-30 20:00:00+00:00,19473.52,19542.72,19355.0,19424.31,18638.81116
2022-09-30 21:00:00+00:00,19424.31,19425.47,19284.85,19361.07,8501.14046
2022-09-30 22:00:00+00:00,19359.77,19400.14,19240.44,19384.86,13559.5848
2022-09-30 23:00:00+00:00,19384.86,19475.4,19358.67,19422.61,9858.7558
2022-10-01 00:00:00+00:00,19422.61,19484.0,19351.02,19402.88,8651.64878
2022-10-01 01:00:00+00:00,19401.84,19431.97,19365.84,19423.84,6312.08506
2022-10-01 02:00:00+00:00,19423.06,19436.0,19384.41,19413.79,5773.83532
2022-10-01 03:00:00+00:00,19413.96,19438.75,19361.05,19416.05,5861.49212
2022-10-01 04:00:00+00:00,19416.05,19423.63,19370.7,19407.43,5958.93517
2022-10-01 05:00:00+00:00,19407.43,19418.88,19270.59,19317.92,12420.01718
2022-10-01 06:00:00+00:00,19316.82,19324.94,19266.26,19292.82,7000.01196
2022-10-01 07:00:00+00:00,19293.49,19343.03,19258.53,19309.84,7907.1828
2022-10-01 08:00:00+00:00,19309.84,19349.31,19302.64,19335.03,5878.65763
2022-10-01 09:00:00+00:00,19335.03,19367.98,19301.11,19329.5,5063.78487
2022-10-01 10:00:00+00:00,19329.5,19365.39,19284.0,19327.95,6452.54559
2022-10-01 11:00:00+00:00,19329.0,19347.76,19159.42,19312.04,11406.45974
2022-10-01 12:00:00+00:00,19312.04,19314.0,19240.08,19296.57,7368.26743
2022-10-01 13:00:00+00:00,19295.6,19400.02,19277.08,19332.38,9729.03234
2022-10-01 14:00:00+00:00,19331.95,19346.53,19288.0,19321.72,7093.79878
2022-10-01 15:00:00+00:00,19321.7,19363.72,19304.4,19330.95,5174.76131
2022-10-01 16:00:00+00:00,19332.42,19353.81,19244.29,19291.16,9042.96834
2022-10-01 17:00:00+00:00,19291.72,19317.06,19245.42,19277.7,6464.85381
2022-10-01 18:00:00+00:00,19276.83,19310.0,19206.63,19298.73,6637.53778
2022-10-01 19:00:00+00:00,19298.73,19328.0,19212.95,19266.15,6791.17077
2022-10-01 20:00:00+00:00,19266.15,19281.4,19200.0,19250.25,5947.6783
2022-10-01 21:00:00+00:00,19250.95,19319.87,19244.58,19288.42,2764.17013
2022-10-01 22:00:00+00:00,19288.42,19338.94,19270.0,19324.28,5516.10869
2022-10-01 23:00:00+00:00,19325.32,19342.63,19288.58,19310.95,4408.13569
2022-10-02 00:00:00+00:00,19312.24,19327.28,19236.0,19277.97,6865.86884
2022-10-02 01:00:00+00:00,19278.09,19312.7,19256.04,19308.1,5791.37898
2022-10-02 02:00:00+00:00,19308.1,19345.88,19301.16,19318.36,5445.42583
2022-10-02 03:00:00+00:00,19318.36,19332.36,19282.05,19310.83,5404.34505
2022-10-02 04:00:00+00:00,19310.36,19337.96,19293.79,19333.97,5248.45831
2022-10-02 05:00:00+00:00,19333.96,19395.91,19298.0,19330.58,8555.84825
2022-10-02 06:00:00+00:00,19330.58,19383.61,19265.4,19278.81,8597.45238
2022-10-02 07:00:00+00:00,19279.97,19310.0,19227.73,19285.26,7587.59017
2022-10-02 08:00:00+00:00,19284.93,19300.55,19251.75,19283.34,6221.10155
2022-10-02 09:00:00+00:00,19283.34,19293.83,19221.61,19261.57,6391.96535
2022-10-02 10:00:00+00:00,19262.28,19265.0,19036.0,19101.05,15914.62642
2022-10-02 11:00:00+00:00,19100.64,19269.0,19078.33,19192.43,10677.49064
2022-10-02 12:00:00+00:00,19193.05,19247.0,19134.84,19159.33,8565.77126
2022-10-02 13:00:00+00:00,19159.34,19199.0,19127.52,19162.56,6607.30471
2022-10-02 14:00:00+00:00,19161.64,19182.89,19070.0,19104.63,8221.22664
2022-10-02 15:00:00+00:00,19104.61,19159.75,19100.02,19143.94,6594.05558
2022-10-02 16:00:00+00:00,19143.97,19235.38,19129.97,19201.43,8227.28689
2022-10-02 17:00:00+00:00,19201.72,19224.24,19166.11,19196.21,4764.70351
2022-10-02 18:00:00+00:00,19197.18,19222.18,19142.64,19218.75,5706.46214
2022-10-02 19:00:00+00:00,19219.59,19341.58,19218.75,19260.63,9858.41577
2022-10-02 20:00:00+00:00,19260.63,19277.77,19225.28,19231.58,4310.63687
2022-10-02 21:00:00+00:00,19232.19,19239.0,19103.09,19196.55,6712.57415
2022-10-02 22:00:00+00:00,19196.55,19304.06,19136.55,19170.64,17790.65341
2022-10-02 23:00:00+00:00,19170.64,19182.21,18920.35,19056.8,26751.82762
2022-10-03 00:00:00+00:00,19057.74,19129.0,18959.68,19091.24,15658.25952
2022-10-03 01:00:00+00:00,19091.99,19258.96,19088.61,19223.25,14889.84237
2022-10-03 02:00:00+00:00,19223.25,19241.17,19127.17,19139.19,12328.75791
2022-10-03 03:00:00+00:00,19138.61,19212.32,19138.61,19168.29,8505.7158
2022-10-03 04:00:00+00:00,19168.35,19177.05,19089.23,19094.93,8499.90473
2022-10-03 05:00:00+00:00,19095.45,19291.69,19059.68,19244.02,11375.74304
2022-10-03 06:00:00+00:00,19244.02,19315.0,19156.0,19196.38,12030.10293
2022-10-03 07:00:00+00:00,19197.03,19240.0,19147.68,19197.73,11874.8816
2022-10-03 08:00:00+00:00,19197.73,19225.27,19160.0,19195.29,8227.70873
2022-10-03 09:00:00+00:00,19195.87,19197.99,19122.67,19178.5,8009.17461
2022-10-03 10:00:00+00:00,19178.5,19235.78,19131.0,19232.66,9037.58885
2022-10-03 11:00:00+00:00,19232.3,19255.3,19181.37,19245.41,10836.94078
2022-10-03 12:00:00+00:00,19246.81,19281.0,19189.47,19253.62,11114.78831
2022-10-03 13:00:00+00:00,19252.6,19340.0,19134.23,19176.46,18990.68314
2022-10-03 14:00:00+00:00,19176.46,19489.43,19174.77,19416.25,22480.1488
2022-10-03 15:00:00+00:00,19416.25,19498.0,19321.6,19335.92,17520.5407
2022-10-03 16:00:00+00:00,19336.75,19419.99,19310.0,19409.62,13024.02828
2022-10-03 17:00:00+00:00,19410.78,19598.0,19407.87,19547.0,15646.32612
2022-10-03 18:00:00+00:00,19547.0,19650.0,19541.18,19611.65,14194.98046
2022-10-03 19:00:00+00:00,19613.0,19631.43,19431.06,19541.38,16265.07438
2022-10-03 20:00:00+00:00,19543.31,19606.55,19508.83,19592.43,8544.07246
2022-10-03 21:00:00+00:00,19592.43,19599.3,19525.0,19553.72,4431.12898
2022-10-03 22:00:00+00:00,19555.17,19604.99,19512.12,19519.02,7134.58275
2022-10-03 23:00:00+00:00,19518.8,19719.1,19518.23,19629.08,12964.77687
2022-10-04 00:00:00+00:00,19629.08,19722.6,19528.97,19562.41,11460.82003
2022-10-04 01:00:00+00:00,19562.41,19582.78,19501.11,19505.43,6655.9686
2022-10-04 02:00:00+00:00,19505.43,19556.6,19490.6,19543.26,6621.70664
2022-10-04 03:00:00+00:00,19543.26,19632.62,19536.72,19598.27,8458.80329
2022-10-04 04:00:00+00:00,19598.27,19647.42,19554.0,19592.98,8156.45021
2022-10-04 05:00:00+00:00,19593.07,19667.6,19582.16,19611.12,8423.30917
2022-10-04 06:00:00+00:00,19610.39,19870.0,19598.23,19840.96,16587.98548
2022-10-04 07:00:00+00:00,19839.67,19975.43,19835.04,19968.01,18080.01502
2022-10-04 08:00:00+00:00,19967.69,20152.0,19853.06,19884.29,25738.93938
2022-10-04 09:00:00+00:00,19885.12,19987.17,19808.0,19938.3,15012.27081
2022-10-04 10:00:00+00:00,19938.29,20050.0,19893.24,19961.05,12570.5149
2022-10-04 11:00:00+00:00,19961.62,19977.5,19867.55,19939.0,10688.3506
2022-10-04 12:00:00+00:00,19939.0,19988.0,19905.3,19979.65,11239.3841
2022-10-04 13:00:00+00:00,19979.65,20155.0,19950.0,20099.13,20656.99513
2022-10-04 14:00:00+00:00,20098.56,20270.0,20035.29,20108.32,23960.79051
2022-10-04 15:00:00+00:00,20108.32,20126.66,20046.15,20099.7,13331.17722
2022-10-04 16:00:00+00:00,20099.71,20116.18,19950.0,19992.69,17777.28321
2022-10-04 17:00:00+00:00,19992.69,20040.4,19872.02,20025.79,16058.7771
2022-10-04 18:00:00+00:00,20025.79,20170.0,20018.0,20126.97,13095.62203
2022-10-04 19:00:00+00:00,20125.21,20272.98,20041.5,20220.09,15378.81273
2022-10-04 20:00:00+00:00,20220.09,20475.0,20139.51,20326.4,20558.08849
2022-10-04 21:00:00+00:00,20326.4,20402.55,20256.91,20287.47,7650.76884
2022-10-04 22:00:00+00:00,20288.7,20332.14,20234.17,20299.6,8913.4404
2022-10-04 23:00:00+00:00,20300.66,20384.85,20270.62,20337.82,9935.72738
2022-10-05 00:00:00+00:00,20337.82,20365.6,20142.95,20181.95,13861.29955
2022-10-05 01:00:00+00:00,20181.95,20278.86,20174.25,20213.19,9420.74769
2022-10-05 02:00:00+00:00,20214.38,20250.0,20182.95,20191.73,6833.92271
2022-10-05 03:00:00+00:00,20191.12,20235.4,20157.58,20189.83,5932.72824
2022-10-05 04:00:00+00:00,20190.66,20226.42,20074.91,20120.97,8426.99544
2022-10-05 05:00:00+00:00,20120.97,20204.43,20102.28,20198.72,6879.59471
2022-10-05 06:00:00+00:00,20198.72,20299.99,20157.0,20254.23,9868.74637
2022-10-05 07:00:00+00:00,20254.23,20285.0,20200.0,20226.58,10455.77647
2022-10-05 08:00:00+00:00,20227.2,20245.58,20003.38,20133.98,17841.23639
2022-10-05 09:00:00+00:00,20133.98,20153.07,20055.19,20089.69,9184.25906
2022-10-05 10:00:00+00:00,20089.69,20152.99,20073.61,20124.3,9898.10376
2022-10-05 11:00:00+00:00,20124.3,20131.26,19952.12,20027.43,12909.52725
2022-10-05 12:00:00+00:00,20028.74,20071.44,19960.0,20021.87,13366.51128
2022-10-05 13:00:00+00:00,20021.87,20043.37,19812.34,19920.35,24815.50873
2022-10-05 14:00:00+00:00,19920.35,19944.0,19730.0,19879.16,25814.71644
2022-10-05 15:00:00+00:00,19879.06,20023.9,19861.62,20001.7,15560.98861
2022-10-05 16:00:00+00:00,20001.7,20296.67,19950.05,20231.58,21601.51747
2022-10-05 17:00:00+00:00,20231.58,20323.24,20154.0,20164.57,17535.59886
2022-10-05 18:00:00+00:00,20165.62,20270.9,20083.82,20264.58,16374.29497
2022-10-05 19:00:00+00:00,20265.19,20350.0,20104.17,20119.47,17148.24003
2022-10-05 20:00:00+00:00,20117.31,20173.3,19975.42,19984.32,11528.70721
2022-10-05 21:00:00+00:00,19982.69,20098.99,19979.78,20051.25,6336.16976
2022-10-05 22:00:00+00:00,20050.44,20215.17,20016.85,20190.44,11709.14793
2022-10-05 23:00:00+00:00,20189.6,20200.0,20114.73,20158.26,8935.41331
2022-10-06 00:00:00+00:00,20158.26,20389.0,20140.38,20266.82,19585.37474
2022-10-06 01:00:00+00:00,20266.82,20410.69,20240.53,20369.2,15611.12122
2022-10-06 02:00:00+00:00,20369.86,20445.52,20288.18,20327.39,14852.06927
2022-10-06 03:00:00+00:00,20327.39,20394.6,20275.86,20355.69,10664.066
2022-10-06 04:00:00+00:00,20356.08,20456.6,20322.57,20356.24,11829.59512
2022-10-06 05:00:00+00:00,20355.63,20374.59,20250.0,20301.01,11262.68382
2022-10-06 06:00:00+00:00,20301.01,20304.9,20164.23,20174.54,13707.42617
2022-10-06 07:00:00+00:00,20172.68,20250.0,20156.0,20218.43,12477.82313
2022-10-06 08:00:00+00:00,20218.43,20254.2,20102.18,20142.3,13914.68234
2022-10-06 09:00:00+00:00,20142.3,20187.33,20085.53,20099.19,9663.01882
2022-10-06 10:00:00+00:00,20098.5,20157.48,20080.01,20129.07,8558.95343
2022-10-06 11:00:00+00:00,20129.07,20257.42,20123.75,20245.22,12339.82822
2022-10-06 12:00:00+00:00,20244.46,20324.94,20159.0,20193.31,16964.34933
2022-10-06 13:00:00+00:00,20192.59,20296.0,20039.48,20111.09,23291.33867
2022-10-06 14:00:00+00:00,20110.12,20118.16,19874.81,20101.01,28661.31725
2022-10-06 15:00:00+00:00,20101.01,20120.0,19988.42,20010.0,16381.4224
2022-10-06 16:00:00+00:00,20010.0,20108.98,19946.76,20052.31,14511.49045
2022-10-06 17:00:00+00:00,20053.87,20256.0,20016.35,20112.9,14971.73126
2022-10-06 18:00:00+00:00,20112.9,20118.38,19980.82,20017.47,11670.83151
2022-10-06 19:00:00+00:00,20017.47,20064.0,19989.0,20010.62,11312.55691
2022-10-06 20:00:00+00:00,20010.62,20072.03,19996.94,20047.04,6274.04373
2022-10-06 21:00:00+00:00,20047.04,20049.0,19887.43,19909.36,6934.80784
2022-10-06 22:00:00+00:00,19910.44,19949.39,19853.0,19901.35,8423.62988
2022-10-06 23:00:00+00:00,19900.36,19976.17,19870.0,19960.67,6258.00869
2022-10-07 00:00:00+00:00,19960.67,20054.41,19940.9,19990.0,7425.95908
2022-10-07 01:00:00+00:00,19990.7,20020.0,19963.35,19992.82,5048.59942
2022-10-07 02:00:00+00:00,19992.82,20054.0,19967.74,20014.91,4967.29129
2022-10-07 03:00:00+00:00,20015.0,20032.91,19975.8,19981.88,4888.95453
2022-10-07 04:00:00+00:00,19982.86,20011.76,19937.92,19940.63,3986.34246
2022-10-07 05:00:00+00:00,19940.63,19995.62,19905.87,19968.38,5766.35003
2022-10-07 06:00:00+00:00,19969.31,19979.28,19810.0,19853.02,8895.43594
2022-10-07 07:00:00+00:00,19853.02,19947.04,19842.47,19928.0,7373.65691
2022-10-07 08:00:00+00:00,19928.0,20020.33,19913.63,19973.75,7356.40782
2022-10-07 09:00:00+00:00,19972.59,20024.7,19958.0,19978.21,5098.72288
2022-10-07 10:00:00+00:00,19978.21,20009.0,19925.22,19995.97,5398.91652
2022-10-07 11:00:00+00:00,19995.97,20018.87,19959.28,19998.9,6441.69152
2022-10-07 12:00:00+00:00,20000.15,20068.82,19474.71,19616.92,32730.14359
2022-10-07 13:00:00+00:00,19617.91,19709.99,19505.0,19604.36,24443.38395
2022-10-07 14:00:00+00:00,19604.36,19705.58,19557.11,19645.22,14173.96094
2022-10-07 15:00:00+00:00,19645.2,19655.15,19524.21,19577.65,11820.68772
2022-10-07 16:00:00+00:00,19577.34,19606.52,19320.0,19404.5,18264.92281
2022-10-07 17:00:00+00:00,19404.5,19488.0,19365.76,19418.05,10289.76641
2022-10-07 18:00:00+00:00,19418.05,19479.1,19375.16,19456.63,8481.54439
2022-10-07 19:00:00+00:00,19456.63,19485.91,19410.01,19459.32,8680.10304
2022-10-07 20:00:00+00:00,19459.32,19570.36,19440.73,19548.8,6764.61601
2022-10-07 21:00:00+00:00,19548.8,19645.0,19526.06,19569.99,5347.60255
2022-10-07 22:00:00+00:00,19569.99,19599.32,19541.18,19549.65,3675.33432
2022-10-07 23:00:00+00:00,19548.79,19568.26,19507.82,19530.09,3554.445
2022-10-08 00:00:00+00:00,19530.09,19627.38,19514.3,19569.31,4622.9799
2022-10-08 01:00:00+00:00,19568.58,19598.63,19542.82,19593.0,3446.77713
2022-10-08 02:00:00+00:00,19593.0,19602.11,19539.74,19564.25,3504.28538
2022-10-08 03:00:00+00:00,19564.25,19565.94,19494.0,19504.78,5012.99706
2022-10-08 04:00:00+00:00,19504.78,19520.98,19415.6,19442.73,5304.56107
2022-10-08 05:00:00+00:00,19442.73,19523.46,19436.05,19509.48,3841.69326
2022-10-08 06:00:00+00:00,19509.48,19544.0,19466.5,19511.15,4207.02296
2022-10-08 07:00:00+00:00,19512.62,19527.34,19491.54,19499.94,3468.15083
2022-10-08 08:00:00+00:00,19500.64,19516.57,19450.0,19468.02,3785.19467
2022-10-08 09:00:00+00:00,19468.02,19511.96,19466.85,19499.87,3301.53018
2022-10-08 10:00:00+00:00,19499.87,19525.0,19486.54,19503.2,3430.72348
2022-10-08 11:00:00+00:00,19503.2,19548.0,19486.69,19534.21,4668.41714
2022-10-08 12:00:00+00:00,19534.21,19543.23,19476.0,19515.49,4168.74578
2022-10-08 13:00:00+00:00,19516.28,19516.95,19469.23,19482.7,4419.88702
2022-10-08 14:00:00+00:00,19481.48,19503.35,19415.0,19499.41,5793.89997
2022-10-08 15:00:00+00:00,19499.41,19510.0,19462.01,19487.88,3440.01628
2022-10-08 16:00:00+00:00,19487.88,19534.41,19467.65,19527.93,4222.42667
2022-10-08 17:00:00+00:00,19527.93,19535.91,19476.12,19499.84,3016.22559
2022-10-08 18:00:00+00:00,19498.57,19513.3,19460.12,19477.91,3052.86085
2022-10-08 19:00:00+00:00,19477.91,19479.31,19438.99,19468.03,2955.33268
2022-10-08 20:00:00+00:00,19467.49,19480.0,19414.86,19452.08,4097.0317
2022-10-08 21:00:00+00:00,19452.08,19459.98,19237.14,19317.84,6511.88342
2022-10-08 22:00:00+00:00,19317.84,19375.58,19265.73,19360.74,6943.84914
2022-10-08 23:00:00+00:00,19360.74,19444.47,19356.24,19417.96,5263.60626
2022-10-09 00:00:00+00:00,19416.52,19455.0,19382.28,19395.67,4824.04633
2022-10-09 01:00:00+00:00,19396.76,19426.51,19362.11,19401.97,3658.74456
2022-10-09 02:00:00+00:00,19401.36,19414.89,19361.06,19364.86,3524.78712
2022-10-09 03:00:00+00:00,19364.86,19391.02,19327.77,19366.58,3614.47277
2022-10-09 04:00:00+00:00,19365.35,19388.65,19316.04,19387.75,4491.59522
2022-10-09 05:00:00+00:00,19387.44,19420.55,19376.08,19409.07,4206.58934
2022-10-09 06:00:00+00:00,19409.11,19439.87,19386.02,19426.39,4353.82876
2022-10-09 07:00:00+00:00,19426.39,19438.88,19401.0,19407.96,3200.83166
2022-10-09 08:00:00+00:00,19407.96,19432.62,19373.49,19396.31,3966.63703
2022-10-09 09:00:00+00:00,19396.31,19420.86,19380.74,19415.12,3739.47862
2022-10-09 10:00:00+00:00,19415.0,19548.0,19403.53,19489.95,6991.74201
2022-10-09 11:00:00+00:00,19489.6,19558.0,19460.01,19468.35,4964.05575
2022-10-09 12:00:00+00:00,19468.35,19545.0,19466.56,19499.28,5501.29148
2022-10-09 13:00:00+00:00,19498.39,19524.42,19462.7,19465.78,4351.60076
2022-10-09 14:00:00+00:00,19465.78,19528.8,19460.8,19500.23,5052.25035
2022-10-09 15:00:00+00:00,19500.23,19550.0,19500.14,19535.77,4881.23735
2022-10-09 16:00:00+00:00,19535.77,19555.89,19480.0,19504.7,5651.27636
2022-10-09 17:00:00+00:00,19504.7,19511.6,19470.99,19485.68,3402.94027
2022-10-09 18:00:00+00:00,19484.74,19529.58,19467.39,19521.78,3738.24159
2022-10-09 19:00:00+00:00,19521.78,19538.23,19353.0,19468.96,9266.01015
2022-10-09 20:00:00+00:00,19468.73,19488.97,19422.98,19480.96,4748.7935
2022-10-09 21:00:00+00:00,19480.97,19500.0,19446.2,19478.17,2918.34771
2022-10-09 22:00:00+00:00,19478.17,19481.26,19368.94,19397.86,7728.08008
2022-10-09 23:00:00+00:00,19397.86,19451.73,19368.1,19439.02,5123.94804
2022-10-10 00:00:00+00:00,19439.96,19521.58,19401.0,19491.42,7068.03061
2022-10-10 01:00:00+00:00,19491.42,19525.0,19466.72,19501.43,6454.0699
2022-10-10 02:00:00+00:00,19501.43,19502.6,19451.0,19471.55,5198.0558
2022-10-10 03:00:00+00:00,19471.55,19483.02,19427.16,19452.99,4151.39405
2022-10-10 04:00:00+00:00,19452.97,19477.0,19418.44,19466.83,4145.74557
2022-10-10 05:00:00+00:00,19466.83,19472.33,19384.31,19411.46,5222.91232
2022-10-10 06:00:00+00:00,19410.38,19437.54,19368.08,19391.71,6651.2652
2022-10-10 07:00:00+00:00,19391.71,19441.39,19386.09,19412.25,6678.72712
2022-10-10 08:00:00+00:00,19412.25,19419.78,19107.0,19234.3,19769.5501
2022-10-10 09:00:00+00:00,19235.9,19343.7,19224.33,19332.36,8851.4397
2022-10-10 10:00:00+00:00,19331.22,19351.0,19272.0,19277.72,6847.38532
2022-10-10 11:00:00+00:00,19276.53,19376.89,19274.44,19331.62,7070.9377
2022-10-10 12:00:00+00:00,19333.02,19433.98,19311.68,19419.89,8471.12374
2022-10-10 13:00:00+00:00,19419.89,19441.99,19295.91,19315.81,14093.25794
2022-10-10 14:00:00+00:00,19315.02,19396.54,19221.41,19258.78,16122.75054
2022-10-10 15:00:00+00:00,19257.56,19318.72,19226.29,19269.02,12705.89477
2022-10-10 16:00:00+00:00,19269.02,19290.0,19098.21,19143.73,13553.28704
2022-10-10 17:00:00+00:00,19143.73,19358.76,19121.49,19321.78,13762.62998
2022-10-10 18:00:00+00:00,19321.78,19332.73,19186.92,19220.63,10405.73992
2022-10-10 19:00:00+00:00,19221.39,19264.08,19189.32,19211.59,9649.07228
2022-10-10 20:00:00+00:00,19211.59,19259.82,19210.02,19241.73,4082.49131
2022-10-10 21:00:00+00:00,19241.73,19282.14,19223.53,19244.98,2976.84195
2022-10-10 22:00:00+00:00,19244.98,19250.96,19020.25,19130.3,12572.73711
2022-10-10 23:00:00+00:00,19130.3,19199.63,19119.4,19131.87,6003.75852
2022-10-11 00:00:00+00:00,19131.87,19133.52,18950.01,19045.22,17499.99661
2022-10-11 01:00:00+00:00,19044.32,19068.5,18959.48,19034.31,8677.50047
2022-10-11 02:00:00+00:00,19034.31,19059.92,18956.17,19056.03,7158.535
2022-10-11 03:00:00+00:00,19056.03,19094.74,19031.68,19044.74,5277.69354
2022-10-11 04:00:00+00:00,19044.19,19081.15,19014.5,19041.67,5575.64009
2022-10-11 05:00:00+00:00,19041.67,19076.44,19022.41,19031.94,5300.4491
2022-10-11 06:00:00+00:00,19031.94,19117.89,19010.0,19060.39,7794.248
2022-10-11 07:00:00+00:00,19059.1,19112.06,19025.0,19084.1,8056.57828
2022-10-11 08:00:00+00:00,19082.28,19143.0,19078.62,19106.64,7511.83906
2022-10-11 09:00:00+00:00,19106.64,19118.55,19031.23,19065.27,6523.83368
2022-10-11 10:00:00+00:00,19064.92,19108.45,19041.0,19093.63,6141.34626
2022-10-11 11:00:00+00:00,19092.49,19158.93,19071.0,19153.68,6811.01987
2022-10-11 12:00:00+00:00,19153.68,19268.09,19135.0,19144.92,13930.91003
2022-10-11 13:00:00+00:00,19144.92,19169.86,18970.06,18991.2,15407.60567
2022-10-11 14:00:00+00:00,18989.63,19095.43,18860.0,19035.02,17767.0888
2022-10-11 15:00:00+00:00,19033.61,19198.87,19030.0,19147.6,14297.59542
2022-10-11 16:00:00+00:00,19147.6,19185.52,19085.0,19154.11,14941.45009
2022-10-11 17:00:00+00:00,19155.17,19162.64,19103.4,19130.08,13494.64139
2022-10-11 18:00:00+00:00,19130.08,19136.58,18943.37,18976.09,16038.9943
2022-10-11 19:00:00+00:00,18976.09,19039.35,18918.01,18999.25,18388.41447
2022-10-11 20:00:00+00:00,18997.66,19061.14,18986.62,19021.78,7664.47818
2022-10-11 21:00:00+00:00,19022.93,19053.98,18993.12,19006.3,4994.67648
2022-10-11 22:00:00+00:00,19005.61,19060.79,18995.0,19040.12,7094.71867
2022-10-11 23:00:00+00:00,19039.49,19064.99,19003.25,19060.0,7124.5894
2022-10-12 00:00:00+00:00,19060.0,19132.93,19024.65,19092.17,10190.57131
2022-10-12 01:00:00+00:00,19092.17,19101.23,19030.63,19063.24,6431.61275
2022-10-12 02:00:00+00:00,19063.24,19080.61,19030.91,19066.42,5740.60223
2022-10-12 03:00:00+00:00,19065.69,19090.15,19042.61,19048.73,4711.2846
2022-10-12 04:00:00+00:00,19049.09,19123.38,19041.9,19099.51,7695.11601
2022-10-12 05:00:00+00:00,19098.75,19149.6,19069.65,19114.43,6744.55916
2022-10-12 06:00:00+00:00,19114.03,19203.14,19088.0,19151.83,9688.39215
2022-10-12 07:00:00+00:00,19151.83,19164.57,19080.01,19112.41,9230.3054
2022-10-12 08:00:00+00:00,19111.5,19157.0,19089.51,19141.43,7493.15287
2022-10-12 09:00:00+00:00,19141.43,19201.82,19133.46,19169.61,8547.09184
2022-10-12 10:00:00+00:00,19170.51,19187.99,19123.07,19154.01,6968.16061
2022-10-12 11:00:00+00:00,19154.01,19169.52,19105.59,19114.62,6793.08101
2022-10-12 12:00:00+00:00,19114.62,19182.18,18965.88,19075.99,18806.81515
2022-10-12 13:00:00+00:00,19075.88,19155.4,19031.92,19115.62,18656.29605
2022-10-12 14:00:00+00:00,19115.62,19139.52,19061.0,19088.59,13643.35447
2022-10-12 15:00:00+00:00,19088.6,19151.19,19085.81,19137.32,10858.78386
2022-10-12 16:00:00+00:00,19137.36,19153.33,19078.46,19099.14,9994.23204
2022-10-12 17:00:00+00:00,19097.86,19114.49,19062.19,19091.68,7061.35886
2022-10-12 18:00:00+00:00,19091.68,19163.2,19041.74,19117.63,17411.68968
2022-10-12 19:00:00+00:00,19117.63,19179.26,19100.73,19137.18,8594.18165
2022-10-12 20:00:00+00:00,19137.29,19171.92,19131.55,19171.56,4656.80552
2022-10-12 21:00:00+00:00,19171.56,19195.0,19161.55,19180.31,4076.52279
2022-10-12 22:00:00+00:00,19180.31,19238.31,19152.06,19155.37,6342.96931
2022-10-12 23:00:00+00:00,19155.16,19172.54,19140.85,19155.53,3489.32799
2022-10-13 00:00:00+00:00,19155.1,19175.13,19126.67,19148.33,5305.36655
2022-10-13 01:00:00+00:00,19148.16,19156.98,19090.01,19106.57,6576.49051
2022-10-13 02:00:00+00:00,19107.03,19113.89,19017.8,19087.91,10697.89519
2022-10-13 03:00:00+00:00,19087.91,19116.0,19076.17,19089.16,5354.31405
2022-10-13 04:00:00+00:00,19089.16,19098.58,19068.77,19094.12,4888.33852
2022-10-13 05:00:00+00:00,19094.12,19112.68,19037.97,19090.96,7744.1488
2022-10-13 06:00:00+00:00,19090.69,19100.48,19041.52,19059.72,8207.46038
2022-10-13 07:00:00+00:00,19060.49,19061.93,18950.0,19005.29,16303.87355
2022-10-13 08:00:00+00:00,19005.29,19038.9,18958.87,19009.16,8686.76387
2022-10-13 09:00:00+00:00,19009.16,19033.76,18977.68,18993.2,6761.77976
2022-10-13 10:00:00+00:00,18993.2,19004.74,18566.66,18690.22,28475.80894
2022-10-13 11:00:00+00:00,18689.44,18831.07,18657.0,18753.2,15520.52328
2022-10-13 12:00:00+00:00,18754.09,19030.0,18190.0,18385.3,46815.95336
2022-10-13 13:00:00+00:00,18385.3,18479.96,18273.0,18432.14,29411.02329
2022-10-13 14:00:00+00:00,18430.95,18496.65,18386.97,18415.0,24250.43976
2022-10-13 15:00:00+00:00,18415.65,19049.99,18403.65,18958.59,45452.83697
2022-10-13 16:00:00+00:00,18958.59,19197.61,18895.08,19086.39,28162.97885
2022-10-13 17:00:00+00:00,19084.62,19228.0,19065.89,19157.9,19234.24066
2022-10-13 18:00:00+00:00,19157.9,19513.79,19142.07,19422.01,24185.47275
2022-10-13 19:00:00+00:00,19420.14,19470.0,19311.36,19369.94,20938.9437
2022-10-13 20:00:00+00:00,19369.94,19494.56,19355.28,19382.61,13442.08361
2022-10-13 21:00:00+00:00,19382.61,19435.33,19328.72,19401.16,6609.03937
2022-10-13 22:00:00+00:00,19401.16,19457.0,19386.45,19431.0,8665.54657
2022-10-13 23:00:00+00:00,19431.91,19446.0,19353.88,19375.13,8065.36108
2022-10-14 00:00:00+00:00,19375.58,19445.96,19338.07,19407.66,10964.11453
2022-10-14 01:00:00+00:00,19407.66,19951.87,19393.86,19860.71,27251.91751
2022-10-14 02:00:00+00:00,19860.69,19899.0,19768.0,19829.18,19361.53382
2022-10-14 03:00:00+00:00,19829.18,19871.56,19780.13,19816.85,10959.05298
2022-10-14 04:00:00+00:00,19816.85,19847.15,19792.06,19812.52,9137.44037
2022-10-14 05:00:00+00:00,19813.22,19849.79,19720.0,19804.01,11700.06276
2022-10-14 06:00:00+00:00,19804.01,19830.0,19778.2,19793.71,10299.11056
2022-10-14 07:00:00+00:00,19793.71,19805.34,19568.33,19642.35,20389.24148
2022-10-14 08:00:00+00:00,19642.2,19674.64,19557.94,19616.73,14288.31314
2022-10-14 09:00:00+00:00,19617.6,19665.79,19530.0,19647.53,11576.53298
2022-10-14 10:00:00+00:00,19648.83,19745.0,19628.81,19687.22,14563.94104
2022-10-14 11:00:00+00:00,19687.22,19748.54,19588.22,19596.25,11855.00109
2022-10-14 12:00:00+00:00,19596.25,19854.48,19556.77,19802.96,20996.08519
2022-10-14 13:00:00+00:00,19802.96,19815.57,19624.52,19664.11,23642.81281
2022-10-14 14:00:00+00:00,19666.16,19669.88,19351.09,19463.15,36915.60792
2022-10-14 15:00:00+00:00,19463.15,19513.35,19301.0,19358.59,20024.64123
2022-10-14 16:00:00+00:00,19358.59,19403.6,19220.73,19303.26,17336.8335
2022-10-14 17:00:00+00:00,19303.26,19377.19,19286.77,19362.83,10051.79505
2022-10-14 18:00:00+00:00,19362.83,19363.27,19131.0,19213.84,13920.38367
2022-10-14 19:00:00+00:00,19213.84,19269.06,19106.16,19168.18,14038.45535
2022-10-14 20:00:00+00:00,19168.18,19217.64,19100.01,19175.65,6801.72861
2022-10-14 21:00:00+00:00,19174.43,19207.15,19070.37,19107.94,5330.36918
2022-10-14 22:00:00+00:00,19107.94,19166.41,19086.99,19159.83,5854.10575
2022-10-14 23:00:00+00:00,19159.83,19197.38,19141.28,19176.93,4375.24549
2022-10-15 00:00:00+00:00,19176.93,19227.68,19171.87,19200.86,4978.42383
2022-10-15 01:00:00+00:00,19200.87,19209.91,19171.76,19173.58,4223.08523
2022-10-15 02:00:00+00:00,19173.58,19206.23,19133.24,19197.08,5097.43649
2022-10-15 03:00:00+00:00,19197.54,19217.8,19178.59,19200.99,3597.59216
2022-10-15 04:00:00+00:00,19200.99,19211.98,19175.82,19187.86,3482.91769
2022-10-15 05:00:00+00:00,19187.86,19194.09,19153.0,19175.92,4116.33132
2022-10-15 06:00:00+00:00,19175.92,19187.2,19157.96,19168.2,4399.46671
2022-10-15 07:00:00+00:00,19167.88,19182.47,19133.16,19169.79,4199.01182
2022-10-15 08:00:00+00:00,19170.43,19176.27,19037.39,19070.68,9938.26623
2022-10-15 09:00:00+00:00,19069.85,19125.0,19063.39,19107.75,6534.5833
2022-10-15 10:00:00+00:00,19108.28,19179.63,19093.8,19155.33,5635.20028
2022-10-15 11:00:00+00:00,19156.35,19168.85,19139.1,19167.33,3351.25439
2022-10-15 12:00:00+00:00,19167.33,19199.0,19151.05,19168.62,4222.05112
2022-10-15 13:00:00+00:00,19168.47,19181.24,19094.01,19168.68,6914.40186
2022-10-15 14:00:00+00:00,19168.09,19184.99,19118.47,19144.29,4644.3647
2022-10-15 15:00:00+00:00,19144.29,19148.7,19117.08,19127.95,3029.89091
2022-10-15 16:00:00+00:00,19127.95,19163.39,19110.88,19125.56,4000.93497
2022-10-15 17:00:00+00:00,19126.24,19139.0,19095.84,19108.47,3752.37817
2022-10-15 18:00:00+00:00,19108.47,19139.22,19102.68,19117.78,3554.48032
2022-10-15 19:00:00+00:00,19117.78,19125.86,19052.0,19102.17,4272.83494
2022-10-15 20:00:00+00:00,19102.65,19110.74,19080.3,19094.92,2831.02392
2022-10-15 21:00:00+00:00,19094.92,19098.12,19049.0,19068.59,3247.58962
2022-10-15 22:00:00+00:00,19067.9,19091.42,19041.0,19061.09,4603.80392
2022-10-15 23:00:00+00:00,19060.02,19131.0,18975.18,19069.39,9220.31842
2022-10-16 00:00:00+00:00,19068.4,19146.07,19063.74,19139.32,5284.07914
2022-10-16 01:00:00+00:00,19139.32,19170.82,19106.71,19142.51,4094.85504
2022-10-16 02:00:00+00:00,19142.51,19167.32,19101.82,19114.74,3175.5172
2022-10-16 03:00:00+00:00,19114.74,19137.41,19103.77,19123.43,3084.98133
2022-10-16 04:00:00+00:00,19123.43,19159.87,19110.35,19135.38,4186.45847
2022-10-16 05:00:00+00:00,19135.38,19162.82,19121.95,19150.56,4456.55554
2022-10-16 06:00:00+00:00,19150.9,19154.94,19115.37,19133.1,3595.55046
2022-10-16 07:00:00+00:00,19133.1,19148.71,19115.0,19134.31,2868.37131
2022-10-16 08:00:00+00:00,19134.31,19195.0,19130.26,19165.58,5988.12516
2022-10-16 09:00:00+00:00,19165.58,19170.0,19135.88,19140.89,4401.44908
2022-10-16 10:00:00+00:00,19140.59,19152.81,19087.37,19129.37,5505.29033
2022-10-16 11:00:00+00:00,19129.37,19155.0,19117.2,19144.69,3575.34037
2022-10-16 12:00:00+00:00,19144.69,19151.3,19115.45,19133.61,4156.31915
2022-10-16 13:00:00+00:00,19133.94,19145.48,19118.4,19127.57,3671.0498
2022-10-16 14:00:00+00:00,19127.57,19140.0,19104.16,19130.36,5559.74345
2022-10-16 15:00:00+00:00,19130.64,19172.55,19124.17,19158.49,5224.01837
2022-10-16 16:00:00+00:00,19158.49,19168.98,19125.53,19139.03,4554.5939
2022-10-16 17:00:00+00:00,19139.93,19160.63,19128.58,19132.13,3216.21823
2022-10-16 18:00:00+00:00,19131.6,19149.52,19118.4,19134.11,2752.41957
2022-10-16 19:00:00+00:00,19134.11,19383.44,19130.0,19375.39,12902.63806
2022-10-16 20:00:00+00:00,19375.39,19425.84,19262.79,19329.63,10879.35646
2022-10-16 21:00:00+00:00,19329.63,19366.38,19101.0,19148.25,8143.90878
2022-10-16 22:00:00+00:00,19148.25,19367.04,19116.85,19302.08,13812.81431
2022-10-16 23:00:00+00:00,19301.35,19318.55,19226.22,19262.98,6804.96534
2022-10-17 00:00:00+00:00,19262.98,19309.06,19208.59,19230.44,7352.58682
2022-10-17 01:00:00+00:00,19230.44,19239.74,19168.87,19177.47,5773.4672
2022-10-17 02:00:00+00:00,19177.47,19212.22,19166.72,19204.36,4406.59364
2022-10-17 03:00:00+00:00,19204.36,19207.8,19152.03,19186.38,4785.72113
2022-10-17 04:00:00+00:00,19186.38,19238.85,19161.03,19226.25,5091.3319
2022-10-17 05:00:00+00:00,19226.25,19284.61,19224.18,19272.2,5994.20115
2022-10-17 06:00:00+00:00,19272.2,19318.28,19223.65,19241.75,6766.60039
2022-10-17 07:00:00+00:00,19241.75,19318.05,19232.25,19295.58,9432.3439
2022-10-17 08:00:00+00:00,19295.58,19304.27,19244.03,19259.83,6895.50859
2022-10-17 09:00:00+00:00,19260.4,19366.6,19249.62,19336.64,8381.80286
2022-10-17 10:00:00+00:00,19336.64,19421.78,19336.48,19398.46,11464.06224
2022-10-17 11:00:00+00:00,19398.46,19545.22,19370.33,19457.58,14565.00419
2022-10-17 12:00:00+00:00,19457.58,19584.39,19419.6,19518.0,13240.46219
2022-10-17 13:00:00+00:00,19516.97,19676.96,19516.97,19586.22,21859.49716
2022-10-17 14:00:00+00:00,19587.65,19650.0,19440.54,19473.84,19684.18437
2022-10-17 15:00:00+00:00,19474.66,19583.3,19430.0,19535.19,14383.83363
2022-10-17 16:00:00+00:00,19535.19,19592.55,19478.48,19511.0,11336.73552
2022-10-17 17:00:00+00:00,19511.0,19536.0,19456.49,19521.21,9787.54826
2022-10-17 18:00:00+00:00,19521.21,19547.03,19441.87,19516.74,8880.45801
2022-10-17 19:00:00+00:00,19516.74,19557.05,19483.97,19526.84,7483.153
2022-10-17 20:00:00+00:00,19527.66,19557.95,19505.82,19526.97,5367.88637
2022-10-17 21:00:00+00:00,19527.5,19545.32,19489.62,19514.57,3920.80854
2022-10-17 22:00:00+00:00,19514.57,19626.91,19471.8,19514.23,10845.21523
2022-10-17 23:00:00+00:00,19514.23,19573.61,19504.2,19549.86,5114.87005
2022-10-18 00:00:00+00:00,19548.48,19614.16,19506.73,19596.34,8413.31718
2022-10-18 01:00:00+00:00,19596.34,19624.03,19517.31,19536.16,6372.77909
2022-10-18 02:00:00+00:00,19536.0,19547.74,19480.0,19488.73,6023.65104
2022-10-18 03:00:00+00:00,19488.73,19575.57,19488.34,19547.9,8456.92391
2022-10-18 04:00:00+00:00,19548.68,19614.28,19539.7,19580.61,8288.60194
2022-10-18 05:00:00+00:00,19580.61,19588.66,19536.61,19553.5,6532.72309
2022-10-18 06:00:00+00:00,19553.5,19706.66,19524.37,19643.57,11900.87425
2022-10-18 07:00:00+00:00,19643.55,19688.28,19561.51,19664.92,11245.31609
2022-10-18 08:00:00+00:00,19665.95,19673.0,19524.15,19534.45,11511.32767
2022-10-18 09:00:00+00:00,19535.29,19565.59,19470.0,19528.61,13364.22223
2022-10-18 10:00:00+00:00,19528.61,19583.35,19502.98,19532.16,8020.86041
2022-10-18 11:00:00+00:00,19532.17,19605.9,19528.83,19563.59,7994.03969
2022-10-18 12:00:00+00:00,19563.59,19650.31,19562.55,19626.76,9781.41456
2022-10-18 13:00:00+00:00,19626.02,19680.49,19527.86,19542.79,16075.99356
2022-10-18 14:00:00+00:00,19544.77,19575.34,19361.87,19416.96,20960.62427
2022-10-18 15:00:00+00:00,19415.77,19457.11,19280.11,19375.01,20692.74252
2022-10-18 16:00:00+00:00,19375.71,19442.0,19345.56,19411.75,12474.73485
2022-10-18 17:00:00+00:00,19412.65,19439.4,19362.6,19406.73,9745.65807
2022-10-18 18:00:00+00:00,19407.67,19412.94,19177.0,19220.87,14870.55807
2022-10-18 19:00:00+00:00,19220.87,19222.18,19091.0,19216.21,15559.60257
2022-10-18 20:00:00+00:00,19217.79,19433.43,19195.44,19365.96,13852.98669
2022-10-18 21:00:00+00:00,19364.74,19379.26,19217.0,19293.62,6073.84001
2022-10-18 22:00:00+00:00,19293.62,19335.44,19255.53,19320.5,6213.58009
2022-10-18 23:00:00+00:00,19321.45,19371.05,19305.1,19327.44,5886.70663
2022-10-19 00:00:00+00:00,19327.44,19360.16,19230.0,19234.0,8140.58971
2022-10-19 01:00:00+00:00,19233.04,19323.73,19213.99,19312.35,6427.17287
2022-10-19 02:00:00+00:00,19311.47,19320.47,19248.06,19290.66,5409.19502
2022-10-19 03:00:00+00:00,19291.55,19305.38,19255.39,19281.63,4861.15781
2022-10-19 04:00:00+00:00,19281.01,19306.7,19252.8,19277.02,5209.70139
2022-10-19 05:00:00+00:00,19276.16,19308.34,19235.01,19255.11,7040.2944
2022-10-19 06:00:00+00:00,19254.29,19280.0,19146.8,19190.2,9914.24481
2022-10-19 07:00:00+00:00,19189.25,19243.59,19170.35,19218.11,8674.07469
2022-10-19 08:00:00+00:00,19218.59,19233.55,19147.31,19194.42,7504.72943
2022-10-19 09:00:00+00:00,19195.41,19281.81,19190.88,19268.16,7010.21293
2022-10-19 10:00:00+00:00,19268.16,19276.28,19180.3,19216.48,6378.47377
2022-10-19 11:00:00+00:00,19217.58,19225.85,19140.01,19200.84,8903.42547
2022-10-19 12:00:00+00:00,19201.42,19203.99,19104.0,19163.19,8886.35613
2022-10-19 13:00:00+00:00,19163.19,19250.0,19065.97,19123.8,14531.5973
2022-10-19 14:00:00+00:00,19124.71,19233.93,19100.01,19154.96,14221.42937
2022-10-19 15:00:00+00:00,19154.96,19301.69,19136.06,19266.43,11781.40518
2022-10-19 16:00:00+00:00,19267.94,19279.31,19170.02,19179.27,8483.00764
2022-10-19 17:00:00+00:00,19178.38,19193.75,19095.0,19183.19,9557.36392
2022-10-19 18:00:00+00:00,19183.19,19220.0,19164.0,19186.32,5744.13594
2022-10-19 19:00:00+00:00,19186.32,19233.72,19152.37,19232.59,6603.06663
2022-10-19 20:00:00+00:00,19231.63,19249.51,19134.39,19194.71,6972.17224
2022-10-19 21:00:00+00:00,19193.9,19208.4,19156.21,19194.37,2235.53236
2022-10-19 22:00:00+00:00,19194.37,19199.5,19100.0,19140.38,6470.05646
2022-10-19 23:00:00+00:00,19141.05,19163.78,19084.23,19123.97,5177.89991
2022-10-20 00:00:00+00:00,19123.35,19165.34,18900.0,18972.69,11705.65906
2022-10-20 01:00:00+00:00,18972.69,19054.62,18928.37,19047.02,8434.06759
2022-10-20 02:00:00+00:00,19047.02,19082.91,19014.83,19062.77,5010.28164
2022-10-20 03:00:00+00:00,19062.77,19068.24,19014.03,19042.09,4673.9595
2022-10-20 04:00:00+00:00,19043.2,19210.0,19037.66,19183.68,10373.52693
2022-10-20 05:00:00+00:00,19183.67,19199.88,19116.82,19141.23,7534.33386
2022-10-20 06:00:00+00:00,19140.67,19146.61,19092.95,19133.03,6125.28171
2022-10-20 07:00:00+00:00,19132.25,19167.95,19094.74,19145.94,7624.78133
2022-10-20 08:00:00+00:00,19145.1,19167.56,19106.22,19114.67,5774.67504
2022-10-20 09:00:00+00:00,19114.67,19195.31,19105.99,19185.79,6385.47331
2022-10-20 10:00:00+00:00,19186.29,19253.33,19131.79,19202.48,11136.31109
2022-10-20 11:00:00+00:00,19202.48,19231.45,19186.8,19208.09,6874.47746
2022-10-20 12:00:00+00:00,19208.09,19282.68,19133.57,19134.65,14192.99879
2022-10-20 13:00:00+00:00,19135.64,19219.0,19128.24,19173.18,13340.6781
2022-10-20 14:00:00+00:00,19173.06,19347.82,19168.63,19326.31,15758.34531
2022-10-20 15:00:00+00:00,19325.61,19338.66,19247.77,19253.3,8806.21981
2022-10-20 16:00:00+00:00,19253.88,19256.55,19143.71,19183.91,13546.4121
2022-10-20 17:00:00+00:00,19183.14,19187.8,19063.89,19099.11,12792.21331
2022-10-20 18:00:00+00:00,19099.3,19101.55,18964.02,19062.89,16407.21592
2022-10-20 19:00:00+00:00,19063.93,19117.87,19028.36,19063.82,10286.36239
2022-10-20 20:00:00+00:00,19063.04,19088.0,18929.38,19031.08,10416.99095
2022-10-20 21:00:00+00:00,19031.01,19098.0,18994.42,19073.92,4726.063
2022-10-20 22:00:00+00:00,19073.92,19094.44,19000.17,19034.04,6218.17595
2022-10-20 23:00:00+00:00,19034.04,19050.7,18979.17,19041.92,5385.62653
2022-10-21 00:00:00+00:00,19041.92,19066.23,18999.0,19049.62,8370.34035
2022-10-21 01:00:00+00:00,19048.83,19074.4,19022.36,19065.24,5416.67906
2022-10-21 02:00:00+00:00,19065.86,19131.39,19058.26,19110.37,6047.32632
2022-10-21 03:00:00+00:00,19109.49,19125.42,19043.52,19051.77,5370.16252
2022-10-21 04:00:00+00:00,19051.19,19082.4,19025.0,19047.46,6134.23761
2022-10-21 05:00:00+00:00,19046.74,19066.19,19026.47,19043.53,5036.80784
2022-10-21 06:00:00+00:00,19043.53,19071.96,19029.18,19036.68,5522.63148
2022-10-21 07:00:00+00:00,19036.68,19084.17,18991.69,19027.86,8473.07587
2022-10-21 08:00:00+00:00,19028.68,19041.96,18939.0,18980.39,11361.98326
2022-10-21 09:00:00+00:00,18981.0,19030.84,18900.0,19011.0,12323.68045
2022-10-21 10:00:00+00:00,19011.0,19018.52,18956.63,19003.17,8187.22723
2022-10-21 11:00:00+00:00,19003.63,19011.91,18940.78,18945.65,8168.22817
2022-10-21 12:00:00+00:00,18944.99,18948.31,18650.0,18879.27,25331.99058
2022-10-21 13:00:00+00:00,18879.27,19083.14,18856.4,19065.36,32384.98637
2022-10-21 14:00:00+00:00,19064.5,19129.44,18937.5,18976.14,25136.91939
2022-10-21 15:00:00+00:00,18976.14,19174.16,18947.82,19168.25,20846.55652
2022-10-21 16:00:00+00:00,19168.44,19229.0,19103.04,19127.76,19095.72365
2022-10-21 17:00:00+00:00,19127.76,19174.52,19089.0,19150.98,12443.99881
2022-10-21 18:00:00+00:00,19150.98,19205.39,19120.35,19139.66,11396.9465
2022-10-21 19:00:00+00:00,19140.52,19250.0,19135.0,19189.22,12163.27879
2022-10-21 20:00:00+00:00,19189.22,19249.73,19157.31,19177.82,8094.35949
2022-10-21 21:00:00+00:00,19177.82,19179.91,19137.68,19153.8,3850.45479
2022-10-21 22:00:00+00:00,19154.12,19192.91,19153.22,19189.37,4508.82526
2022-10-21 23:00:00+00:00,19189.37,19193.48,19160.0,19164.37,3644.33738
2022-10-22 00:00:00+00:00,19164.37,19179.61,19147.64,19164.71,4479.4438
2022-10-22 01:00:00+00:00,19164.39,19183.39,19145.3,19155.82,4021.17046
2022-10-22 02:00:00+00:00,19155.82,19164.54,19119.6,19128.58,4282.99174
2022-10-22 03:00:00+00:00,19128.78,19159.55,19112.72,19151.22,4821.38404
2022-10-22 04:00:00+00:00,19150.36,19163.25,19146.4,19148.21,3495.25767
2022-10-22 05:00:00+00:00,19148.21,19157.54,19137.36,19141.13,3306.47343
2022-10-22 06:00:00+00:00,19140.56,19150.0,19132.71,19144.58,3059.10079
2022-10-22 07:00:00+00:00,19144.58,19177.01,19143.71,19163.58,4538.3563
2022-10-22 08:00:00+00:00,19163.58,19176.94,19151.53,19155.28,4370.25205
2022-10-22 09:00:00+00:00,19154.67,19174.69,19140.0,19142.66,4221.31603
2022-10-22 10:00:00+00:00,19142.66,19171.67,19140.57,19167.28,3761.50509
2022-10-22 11:00:00+00:00,19167.28,19188.0,19158.78,19178.66,4815.93693
2022-10-22 12:00:00+00:00,19178.99,19204.4,19155.0,19182.02,6126.74818
2022-10-22 13:00:00+00:00,19182.03,19257.0,19181.91,19196.56,8854.36782
2022-10-22 14:00:00+00:00,19196.56,19250.21,19195.83,19236.2,5789.55276
2022-10-22 15:00:00+00:00,19235.84,19257.0,19208.06,19235.65,6212.36133
2022-10-22 16:00:00+00:00,19234.8,19248.85,19170.0,19193.86,7380.79674
2022-10-22 17:00:00+00:00,19193.86,19208.8,19140.3,19152.02,5288.17633
2022-10-22 18:00:00+00:00,19152.05,19179.99,19134.0,19170.15,5194.3186
2022-10-22 19:00:00+00:00,19169.93,19188.92,19163.09,19183.83,3743.83195
2022-10-22 20:00:00+00:00,19183.83,19224.99,19173.79,19216.76,3585.44143
2022-10-22 21:00:00+00:00,19216.01,19224.99,19190.46,19201.97,3074.33136
2022-10-22 22:00:00+00:00,19201.97,19208.9,19183.77,19192.32,3478.38479
2022-10-22 23:00:00+00:00,19192.97,19208.0,19190.0,19204.35,2502.40875
2022-10-23 00:00:00+00:00,19204.29,19219.76,19189.74,19195.63,3435.8321
2022-10-23 01:00:00+00:00,19195.64,19204.35,19163.32,19179.22,3563.03776
2022-10-23 02:00:00+00:00,19179.22,19208.53,19175.0,19196.97,4286.22107
2022-10-23 03:00:00+00:00,19196.98,19202.0,19184.37,19197.59,3475.04801
2022-10-23 04:00:00+00:00,19197.55,19221.71,19173.51,19185.28,4987.9334
2022-10-23 05:00:00+00:00,19185.28,19195.32,19170.0,19178.98,3849.71703
2022-10-23 06:00:00+00:00,19178.98,19188.5,19156.6,19177.36,3974.53783
2022-10-23 07:00:00+00:00,19176.64,19179.2,19148.01,19162.37,3982.02649
2022-10-23 08:00:00+00:00,19162.16,19186.04,19150.0,19184.09,3246.59783
2022-10-23 09:00:00+00:00,19184.09,19188.7,19176.77,19184.13,2989.4832
2022-10-23 10:00:00+00:00,19184.13,19188.08,19164.5,19170.01,3048.88004
2022-10-23 11:00:00+00:00,19170.0,19172.7,19125.63,19151.78,6186.1326
2022-10-23 12:00:00+00:00,19151.24,19158.84,19070.11,19150.81,7081.5189
2022-10-23 13:00:00+00:00,19151.54,19180.31,19142.0,19176.27,4613.19817
2022-10-23 14:00:00+00:00,19176.27,19210.54,19173.61,19187.66,5747.12672
2022-10-23 15:00:00+00:00,19187.17,19213.14,19178.31,19190.14,4682.45297
2022-10-23 16:00:00+00:00,19190.14,19203.98,19169.18,19178.34,4365.88969
2022-10-23 17:00:00+00:00,19178.69,19500.0,19171.0,19476.02,16962.35381
2022-10-23 18:00:00+00:00,19474.75,19553.96,19399.65,19437.83,18875.17234
2022-10-23 19:00:00+00:00,19438.41,19522.11,19436.73,19499.83,7647.73763
2022-10-23 20:00:00+00:00,19500.38,19522.95,19441.96,19496.63,8346.94465
2022-10-23 21:00:00+00:00,19496.03,19599.0,19445.68,19538.12,7443.4667
2022-10-23 22:00:00+00:00,19538.12,19695.0,19538.11,19592.96,22269.34564
2022-10-23 23:00:00+00:00,19592.96,19608.77,19517.93,19570.4,11996.54726
2022-10-24 00:00:00+00:00,19570.4,19601.15,19491.84,19518.82,13256.66937
2022-10-24 01:00:00+00:00,19518.14,19527.72,19366.0,19412.47,14512.1341
2022-10-24 02:00:00+00:00,19411.49,19477.45,19390.88,19414.68,8260.47764
2022-10-24 03:00:00+00:00,19414.97,19435.52,19342.33,19391.97,10196.90396
2022-10-24 04:00:00+00:00,19391.97,19392.41,19260.0,19336.06,10574.78988
2022-10-24 05:00:00+00:00,19336.06,19355.7,19292.65,19336.43,7984.15179
2022-10-24 06:00:00+00:00,19335.76,19366.0,19283.25,19295.21,10015.73096
2022-10-24 07:00:00+00:00,19293.5,19341.46,19250.59,19322.4,16546.84481
2022-10-24 08:00:00+00:00,19322.4,19344.51,19292.3,19340.28,8088.68661
2022-10-24 09:00:00+00:00,19340.28,19405.43,19312.0,19382.51,8730.15141
2022-10-24 10:00:00+00:00,19381.48,19444.44,19365.45,19403.21,12359.00236
2022-10-24 11:00:00+00:00,19402.1,19444.44,19362.13,19423.63,9500.34357
2022-10-24 12:00:00+00:00,19422.9,19450.9,19317.86,19373.05,13351.45858
2022-10-24 13:00:00+00:00,19373.62,19400.82,19294.33,19352.4,20602.34376
2022-10-24 14:00:00+00:00,19352.4,19356.56,19157.0,19276.76,25338.1752
2022-10-24 15:00:00+00:00,19277.53,19312.51,19245.14,19301.96,11851.0686
2022-10-24 16:00:00+00:00,19301.96,19318.64,19253.94,19272.81,8652.25701
2022-10-24 17:00:00+00:00,19272.81,19299.9,19223.0,19285.52,7147.37833
2022-10-24 18:00:00+00:00,19284.65,19349.55,19281.85,19334.65,7710.41258
2022-10-24 19:00:00+00:00,19334.65,19425.05,19330.0,19343.23,10079.96638
2022-10-24 20:00:00+00:00,19343.95,19381.47,19301.11,19378.53,6218.25049
2022-10-24 21:00:00+00:00,19378.53,19419.15,19329.66,19366.42,5921.40096
2022-10-24 22:00:00+00:00,19366.42,19373.95,19303.2,19361.13,5304.62127
2022-10-24 23:00:00+00:00,19360.39,19365.32,19320.73,19329.72,3964.92505
2022-10-25 00:00:00+00:00,19330.6,19339.6,19276.35,19308.75,6441.26261
2022-10-25 01:00:00+00:00,19309.53,19317.38,19250.0,19297.63,7087.08928
2022-10-25 02:00:00+00:00,19298.15,19316.67,19276.38,19311.9,3915.63896
2022-10-25 03:00:00+00:00,19311.1,19365.32,19305.39,19342.02,5445.61529
2022-10-25 04:00:00+00:00,19342.41,19377.1,19330.06,19341.96,3774.78405
2022-10-25 05:00:00+00:00,19341.96,19345.27,19290.36,19336.61,5122.45601
2022-10-25 06:00:00+00:00,19336.61,19366.31,19321.8,19329.98,6202.36036
2022-10-25 07:00:00+00:00,19329.98,19340.0,19272.85,19306.75,6588.9971
2022-10-25 08:00:00+00:00,19306.34,19322.42,19271.0,19296.98,4923.04336
2022-10-25 09:00:00+00:00,19296.41,19297.32,19255.04,19265.57,6834.10662
2022-10-25 10:00:00+00:00,19265.57,19298.67,19237.0,19296.5,6156.29294
2022-10-25 11:00:00+00:00,19296.5,19327.16,19277.54,19302.13,5843.42436
2022-10-25 12:00:00+00:00,19301.39,19344.62,19260.82,19328.3,8585.161
2022-10-25 13:00:00+00:00,19328.3,19526.17,19326.9,19478.39,26534.21803
2022-10-25 14:00:00+00:00,19478.39,19544.44,19445.0,19490.06,19202.51018
2022-10-25 15:00:00+00:00,19490.04,19811.0,19484.54,19748.48,33636.02692
2022-10-25 16:00:00+00:00,19748.48,19840.7,19718.0,19813.64,23508.3521
2022-10-25 17:00:00+00:00,19813.64,20192.97,19810.51,20118.55,41354.19752
2022-10-25 18:00:00+00:00,20118.55,20412.8,20078.23,20273.8,32773.30295
2022-10-25 19:00:00+00:00,20273.8,20415.87,20205.04,20273.14,21461.25736
2022-10-25 20:00:00+00:00,20276.26,20296.92,20007.0,20188.99,24000.12808
2022-10-25 21:00:00+00:00,20188.99,20270.0,20100.0,20232.3,9360.63531
2022-10-25 22:00:00+00:00,20231.0,20235.41,19981.12,20063.3,9074.95346
2022-10-25 23:00:00+00:00,20063.3,20135.35,20039.29,20080.07,8544.85676
2022-10-26 00:00:00+00:00,20079.02,20175.99,20050.41,20167.02,12223.51304
2022-10-26 01:00:00+00:00,20165.8,20293.78,20083.59,20230.32,13211.39217
2022-10-26 02:00:00+00:00,20230.32,20260.85,20172.59,20210.63,9887.22217
2022-10-26 03:00:00+00:00,20211.94,20308.0,20181.99,20251.17,9868.02662
2022-10-26 04:00:00+00:00,20250.55,20276.77,20178.16,20203.42,9298.34314
2022-10-26 05:00:00+00:00,20204.08,20233.4,20129.24,20187.92,10100.84386
2022-10-26 06:00:00+00:00,20187.92,20249.0,20168.57,20217.19,11387.82112
2022-10-26 07:00:00+00:00,20217.19,20382.56,20199.6,20344.76,17734.82754
2022-10-26 08:00:00+00:00,20344.05,20783.27,20281.79,20671.04,28894.37133
2022-10-26 09:00:00+00:00,20671.04,20719.2,20542.51,20593.69,18015.14528
2022-10-26 10:00:00+00:00,20594.85,20685.84,20537.8,20668.12,13490.64915
2022-10-26 11:00:00+00:00,20668.12,20749.68,20570.0,20607.81,14117.48726
2022-10-26 12:00:00+00:00,20606.86,20622.0,20455.8,20548.59,16543.76641
2022-10-26 13:00:00+00:00,20549.73,20617.49,20338.75,20552.69,23891.42634
2022-10-26 14:00:00+00:00,20552.69,21020.0,20551.74,20833.48,46695.45076
2022-10-26 15:00:00+00:00,20833.48,20936.74,20785.37,20846.66,21506.62113
2022-10-26 16:00:00+00:00,20846.66,20997.13,20712.36,20762.32,22425.25446
2022-10-26 17:00:00+00:00,20762.32,20834.09,20669.25,20823.72,16190.08356
2022-10-26 18:00:00+00:00,20822.6,20869.18,20657.23,20696.83,14447.22609
2022-10-26 19:00:00+00:00,20696.83,20789.34,20639.98,20763.54,11713.53448
2022-10-26 20:00:00+00:00,20764.52,20852.94,20694.28,20743.92,13662.68226
2022-10-26 21:00:00+00:00,20745.13,20761.99,20701.14,20739.38,4366.25913
2022-10-26 22:00:00+00:00,20739.38,20905.05,20700.0,20817.07,11811.86326
2022-10-26 23:00:00+00:00,20816.75,20907.0,20737.19,20771.59,9008.8852
2022-10-27 00:00:00+00:00,20771.61,20847.9,20716.17,20754.53,10044.23968
2022-10-27 01:00:00+00:00,20754.99,20802.87,20700.62,20725.62,8761.76476
2022-10-27 02:00:00+00:00,20724.54,20796.51,20681.33,20685.06,9824.74548
2022-10-27 03:00:00+00:00,20685.06,20773.66,20581.49,20755.33,12463.6405
2022-10-27 04:00:00+00:00,20755.9,20870.0,20735.28,20801.1,8213.09208
2022-10-27 05:00:00+00:00,20800.18,20872.21,20786.43,20804.0,9105.99304
2022-10-27 06:00:00+00:00,20803.58,20836.0,20704.0,20719.26,11021.8743
2022-10-27 07:00:00+00:00,20718.04,20768.92,20680.72,20710.02,11603.99979
2022-10-27 08:00:00+00:00,20711.12,20750.9,20683.05,20709.0,10621.35544
2022-10-27 09:00:00+00:00,20709.0,20709.75,20521.0,20611.29,13508.20916
2022-10-27 10:00:00+00:00,20610.5,20622.37,20451.71,20549.58,15007.44405
2022-10-27 11:00:00+00:00,20547.55,20633.0,20530.06,20622.84,12579.03965
2022-10-27 12:00:00+00:00,20622.11,20780.0,20500.0,20723.78,26463.93223
2022-10-27 13:00:00+00:00,20723.78,20742.58,20430.0,20524.54,24887.32489
2022-10-27 14:00:00+00:00,20524.54,20730.0,20496.6,20567.12,24210.7609
2022-10-27 15:00:00+00:00,20567.12,20665.8,20540.76,20563.09,15961.43376
2022-10-27 16:00:00+00:00,20564.08,20600.45,20497.62,20571.6,11713.69227
2022-10-27 17:00:00+00:00,20570.51,20647.49,20547.51,20583.69,10200.06301
2022-10-27 18:00:00+00:00,20583.69,20600.0,20550.0,20583.6,6378.99857
2022-10-27 19:00:00+00:00,20583.6,20679.51,20581.09,20629.59,10840.62612
2022-10-27 20:00:00+00:00,20629.59,20637.9,20220.0,20395.8,34580.10272
2022-10-27 21:00:00+00:00,20395.8,20413.14,20317.94,20407.45,7949.96852
2022-10-27 22:00:00+00:00,20408.33,20426.03,20200.0,20269.57,12891.56859
2022-10-27 23:00:00+00:00,20270.89,20305.79,20201.75,20295.11,9809.7084
2022-10-28 00:00:00+00:00,20295.11,20337.8,20160.0,20284.81,14614.51358
2022-10-28 01:00:00+00:00,20283.34,20326.99,20227.89,20321.95,9156.6537
2022-10-28 02:00:00+00:00,20322.92,20323.32,20183.0,20223.47,11383.42414
2022-10-28 03:00:00+00:00,20223.47,20296.74,20207.2,20292.81,6444.05039
2022-10-28 04:00:00+00:00,20292.77,20308.0,20244.15,20251.95,6043.12913
2022-10-28 05:00:00+00:00,20251.95,20292.33,20218.78,20287.01,8145.50744
2022-10-28 06:00:00+00:00,20287.01,20312.32,20254.0,20259.74,7301.46017
2022-10-28 07:00:00+00:00,20260.02,20269.98,20060.0,20080.01,17621.4473
2022-10-28 08:00:00+00:00,20080.01,20211.0,20026.0,20182.85,17317.37631
2022-10-28 09:00:00+00:00,20183.15,20233.33,20152.96,20203.48,9086.62245
2022-10-28 10:00:00+00:00,20203.48,20248.64,20133.28,20177.01,9342.42462
2022-10-28 11:00:00+00:00,20177.01,20211.31,20116.55,20173.74,8923.01412
2022-10-28 12:00:00+00:00,20174.0,20292.85,20000.09,20209.78,19713.93795
2022-10-28 13:00:00+00:00,20209.96,20588.88,20185.06,20470.6,27716.69087
2022-10-28 14:00:00+00:00,20471.97,20565.02,20329.71,20497.66,24372.27172
2022-10-28 15:00:00+00:00,20498.94,20539.78,20411.03,20484.59,13897.34191
2022-10-28 16:00:00+00:00,20483.96,20750.0,20450.5,20702.73,21396.68888
2022-10-28 17:00:00+00:00,20703.85,20735.85,20627.35,20629.63,12600.85748
2022-10-28 18:00:00+00:00,20629.63,20667.0,20582.05,20628.83,9390.12122
2022-10-28 19:00:00+00:00,20629.97,20634.49,20542.0,20609.21,8734.8896
2022-10-28 20:00:00+00:00,20609.21,20735.86,20603.56,20629.96,10097.64243
2022-10-28 21:00:00+00:00,20630.7,20664.99,20566.0,20596.44,4755.40063
2022-10-28 22:00:00+00:00,20595.67,20638.07,20575.77,20630.03,5116.78776
2022-10-28 23:00:00+00:00,20630.94,20637.39,20576.22,20591.84,3867.69189
2022-10-29 00:00:00+00:00,20591.84,20627.32,20554.01,20621.49,6239.40858
2022-10-29 01:00:00+00:00,20620.73,20642.24,20605.66,20628.57,4401.41286
2022-10-29 02:00:00+00:00,20628.31,20782.01,20624.54,20736.78,10610.98136
2022-10-29 03:00:00+00:00,20736.16,20823.81,20666.2,20754.27,10615.75251
2022-10-29 04:00:00+00:00,20754.27,20771.88,20660.0,20678.91,6366.03692
2022-10-29 05:00:00+00:00,20679.6,20752.0,20620.81,20655.56,8904.06665
2022-10-29 06:00:00+00:00,20655.56,20715.3,20647.89,20685.97,5420.06418
2022-10-29 07:00:00+00:00,20686.82,20777.0,20664.61,20772.27,8976.36848
2022-10-29 08:00:00+00:00,20772.27,20985.25,20721.31,20922.87,25050.67595
2022-10-29 09:00:00+00:00,20923.45,20970.9,20875.36,20955.25,9796.31485
2022-10-29 10:00:00+00:00,20955.25,21085.0,20725.0,20773.86,22260.40294
2022-10-29 11:00:00+00:00,20773.86,20805.67,20650.21,20698.89,12423.33941
2022-10-29 12:00:00+00:00,20698.06,20776.8,20676.54,20769.57,10642.99443
2022-10-29 13:00:00+00:00,20769.57,20785.93,20690.24,20779.75,9276.6098
2022-10-29 14:00:00+00:00,20779.75,20939.68,20754.28,20806.78,15773.8368
2022-10-29 15:00:00+00:00,20807.48,20947.0,20794.0,20923.33,14689.59843
2022-10-29 16:00:00+00:00,20922.25,20970.0,20850.0,20862.06,14677.9967
2022-10-29 17:00:00+00:00,20862.06,20982.86,20777.0,20808.78,13905.17819
2022-10-29 18:00:00+00:00,20809.7,20873.57,20757.26,20852.82,11679.53208
2022-10-29 19:00:00+00:00,20853.7,20861.21,20791.41,20836.96,6609.0801
2022-10-29 20:00:00+00:00,20836.96,20877.55,20821.32,20850.71,6051.36067
2022-10-29 21:00:00+00:00,20850.71,20899.99,20840.01,20846.18,4655.28797
2022-10-29 22:00:00+00:00,20845.62,20865.0,20704.12,20757.79,10283.73244
2022-10-29 23:00:00+00:00,20757.79,20817.95,20728.71,20809.67,5571.74525
2022-10-30 00:00:00+00:00,20809.68,20841.11,20701.15,20710.57,7632.03366
2022-10-30 01:00:00+00:00,20710.57,20782.14,20701.32,20778.35,5567.31251
2022-10-30 02:00:00+00:00,20778.35,20797.8,20743.25,20752.51,6072.53164
2022-10-30 03:00:00+00:00,20753.4,20804.2,20750.86,20775.5,5625.46449
2022-10-30 04:00:00+00:00,20775.5,20788.62,20741.32,20745.67,4808.97518
2022-10-30 05:00:00+00:00,20745.52,20808.04,20742.37,20805.06,6372.17703
2022-10-30 06:00:00+00:00,20803.86,20910.0,20790.03,20890.93,11045.25456
2022-10-30 07:00:00+00:00,20891.52,20931.21,20821.41,20850.85,9610.74126
2022-10-30 08:00:00+00:00,20850.84,20887.34,20717.08,20784.05,11666.00465
2022-10-30 09:00:00+00:00,20783.18,20823.04,20635.0,20694.58,12042.41306
2022-10-30 10:00:00+00:00,20693.32,20719.0,20632.73,20685.62,8702.59934
2022-10-30 11:00:00+00:00,20686.76,20788.83,20661.71,20769.84,9475.07449
2022-10-30 12:00:00+00:00,20770.81,20781.5,20673.07,20726.05,8571.44606
2022-10-30 13:00:00+00:00,20725.23,20734.36,20589.18,20646.61,10192.96691
2022-10-30 14:00:00+00:00,20646.61,20742.03,20622.61,20738.44,8522.31529
2022-10-30 15:00:00+00:00,20738.44,20745.0,20635.84,20676.7,7663.30997
2022-10-30 16:00:00+00:00,20676.72,20700.91,20550.0,20599.62,11028.8215
2022-10-30 17:00:00+00:00,20598.46,20669.0,20561.07,20657.96,8711.86813
2022-10-30 18:00:00+00:00,20657.96,20700.0,20638.9,20677.48,5559.65279
2022-10-30 19:00:00+00:00,20677.48,20696.52,20633.6,20647.49,4914.59693
2022-10-30 20:00:00+00:00,20647.77,20739.0,20646.6,20681.73,5987.93121
2022-10-30 21:00:00+00:00,20681.17,20707.22,20665.02,20688.82,3553.85175
2022-10-30 22:00:00+00:00,20688.83,20695.79,20515.0,20586.67,12746.11693
2022-10-30 23:00:00+00:00,20587.75,20638.69,20550.02,20627.48,6722.14952
2022-10-31 00:00:00+00:00,20627.48,20675.0,20534.0,20542.43,10339.18383
2022-10-31 01:00:00+00:00,20543.04,20573.85,20454.55,20522.89,10906.9233
2022-10-31 02:00:00+00:00,20522.89,20542.71,20427.23,20470.93,10087.08134
2022-10-31 03:00:00+00:00,20471.11,20528.36,20462.27,20516.07,7504.70156
2022-10-31 04:00:00+00:00,20516.07,20577.23,20508.6,20563.04,6638.35283
2022-10-31 05:00:00+00:00,20562.72,20593.0,20523.4,20543.51,6975.41692
2022-10-31 06:00:00+00:00,20542.58,20564.27,20455.0,20516.6,8871.38402
2022-10-31 07:00:00+00:00,20515.55,20548.04,20460.68,20546.65,6986.68158
2022-10-31 08:00:00+00:00,20547.08,20549.0,20449.86,20487.76,9866.81142
2022-10-31 09:00:00+00:00,20486.77,20736.54,20464.18,20714.01,16180.36836
2022-10-31 10:00:00+00:00,20714.89,20845.92,20686.5,20750.56,17482.34809
2022-10-31 11:00:00+00:00,20750.56,20822.0,20714.55,20730.54,13191.62127
2022-10-31 12:00:00+00:00,20731.53,20749.72,20645.79,20698.27,14519.44764
2022-10-31 13:00:00+00:00,20699.23,20755.73,20300.0,20336.29,26694.66317
2022-10-31 14:00:00+00:00,20333.74,20430.72,20237.95,20336.22,31619.80297
2022-10-31 15:00:00+00:00,20336.22,20465.99,20291.74,20401.53,18928.44019
2022-10-31 16:00:00+00:00,20402.6,20533.0,20328.68,20371.87,20988.91618
2022-10-31 17:00:00+00:00,20370.92,20425.28,20345.06,20373.64,11827.33569
2022-10-31 18:00:00+00:00,20373.64,20468.89,20356.0,20433.9,11550.6096
2022-10-31 19:00:00+00:00,20433.9,20438.01,20360.37,20371.72,12193.69642
2022-10-31 20:00:00+00:00,20371.4,20441.99,20353.77,20401.49,7588.08696
2022-10-31 21:00:00+00:00,20401.49,20430.8,20390.23,20406.58,4043.39784
2022-10-31 22:00:00+00:00,20407.46,20501.76,20375.11,20479.48,11124.35235
2022-10-31 23:00:00+00:00,20480.45,20524.76,20461.56,20490.74,7457.99275
2022-11-01 00:00:00+00:00,20490.74,20505.62,20440.64,20456.57,10863.93121
2022-11-01 01:00:00+00:00,20455.8,20559.27,20454.86,20514.66,10940.24231
2022-11-01 02:00:00+00:00,20514.66,20589.67,20495.45,20579.0,10602.17836
2022-11-01 03:00:00+00:00,20578.75,20586.94,20475.77,20482.57,10123.83554
2022-11-01 04:00:00+00:00,20482.57,20521.87,20466.71,20495.53,8905.81588
2022-11-01 05:00:00+00:00,20495.99,20555.21,20491.85,20530.41,8071.52908
2022-11-01 06:00:00+00:00,20530.41,20662.8,20525.21,20624.57,14020.49773
2022-11-01 07:00:00+00:00,20625.53,20657.01,20560.27,20599.51,10699.52674
2022-11-01 08:00:00+00:00,20598.74,20644.78,20571.11,20584.63,9606.29616
2022-11-01 09:00:00+00:00,20583.63,20700.0,20545.45,20597.4,15556.65255
2022-11-01 10:00:00+00:00,20597.4,20655.0,20574.24,20617.76,13584.19733
2022-11-01 11:00:00+00:00,20617.76,20623.65,20489.92,20522.79,14621.37958
2022-11-01 12:00:00+00:00,20522.23,20570.07,20477.76,20541.12,12341.39523
2022-11-01 13:00:00+00:00,20542.52,20557.73,20353.9,20422.02,22032.64534
2022-11-01 14:00:00+00:00,20420.54,20483.62,20330.74,20406.45,25972.01751
2022-11-01 15:00:00+00:00,20406.45,20462.75,20391.49,20444.0,13379.78561
2022-11-01 16:00:00+00:00,20444.0,20517.77,20372.85,20409.01,16378.22204
2022-11-01 17:00:00+00:00,20409.01,20455.75,20400.0,20439.83,9786.75719
2022-11-01 18:00:00+00:00,20439.83,20475.56,20407.7,20462.68,9245.46764
2022-11-01 19:00:00+00:00,20463.55,20501.48,20431.57,20451.45,9708.88729
2022-11-01 20:00:00+00:00,20449.29,20493.72,20434.71,20483.34,6601.44783
2022-11-01 21:00:00+00:00,20482.14,20495.29,20429.35,20454.78,3352.68267
2022-11-01 22:00:00+00:00,20455.92,20486.0,20431.65,20478.5,7541.09471
2022-11-01 23:00:00+00:00,20477.53,20503.51,20455.08,20483.62,5995.95218
2022-11-02 00:00:00+00:00,20482.81,20540.7,20407.66,20518.48,13224.31791
2022-11-02 01:00:00+00:00,20517.46,20536.38,20500.03,20504.94,6173.60183
2022-11-02 02:00:00+00:00,20504.24,20531.37,20457.62,20513.38,8399.40833
2022-11-02 03:00:00+00:00,20514.02,20558.35,20498.89,20520.34,7938.80272
2022-11-02 04:00:00+00:00,20520.34,20555.92,20507.42,20520.28,8292.29384
2022-11-02 05:00:00+00:00,20521.16,20563.36,20477.02,20487.39,10158.96586
2022-11-02 06:00:00+00:00,20487.39,20493.37,20460.09,20476.59,6500.31771
2022-11-02 07:00:00+00:00,20476.96,20487.84,20356.75,20421.64,15255.75064
2022-11-02 08:00:00+00:00,20421.64,20506.09,20408.14,20505.37,9289.68199
2022-11-02 09:00:00+00:00,20504.59,20539.9,20420.02,20467.76,11967.57353
2022-11-02 10:00:00+00:00,20468.06,20472.82,20339.99,20409.77,13846.64268
2022-11-02 11:00:00+00:00,20409.77,20466.24,20407.85,20431.33,8323.13939
2022-11-02 12:00:00+00:00,20432.38,20447.99,20360.0,20396.49,12514.14385
2022-11-02 13:00:00+00:00,20395.82,20424.97,20361.86,20398.99,15134.16367
2022-11-02 14:00:00+00:00,20398.99,20457.29,20393.42,20432.44,13326.51305
2022-11-02 15:00:00+00:00,20432.44,20438.03,20400.7,20409.03,8114.3206
2022-11-02 16:00:00+00:00,20409.03,20548.31,20370.01,20523.33,13555.75639
2022-11-02 17:00:00+00:00,20522.5,20532.48,20355.37,20436.67,16637.52966
2022-11-02 18:00:00+00:00,20438.28,20800.0,20141.0,20456.26,74150.59231
2022-11-02 19:00:00+00:00,20456.23,20610.79,20048.04,20250.68,48023.32034
2022-11-02 20:00:00+00:00,20250.68,20282.6,20101.11,20175.6,21687.18612
2022-11-02 21:00:00+00:00,20176.52,20188.0,20060.08,20152.03,10709.82971
2022-11-02 22:00:00+00:00,20152.03,20173.44,20059.94,20109.83,11162.24325
2022-11-02 23:00:00+00:00,20110.98,20168.86,20074.64,20151.84,9330.17761
2022-11-03 00:00:00+00:00,20151.84,20222.33,20120.0,20203.49,11725.14694
2022-11-03 01:00:00+00:00,20202.69,20339.41,20195.0,20306.0,13798.35391
2022-11-03 02:00:00+00:00,20304.95,20339.99,20275.28,20285.67,10485.62653
2022-11-03 03:00:00+00:00,20285.67,20337.68,20284.39,20310.63,9277.2359
2022-11-03 04:00:00+00:00,20310.63,20393.32,20309.74,20357.95,9456.39875
2022-11-03 05:00:00+00:00,20357.95,20390.0,20339.35,20377.49,8522.54001
2022-11-03 06:00:00+00:00,20377.49,20386.37,20305.23,20307.25,9199.7432
2022-11-03 07:00:00+00:00,20307.55,20363.83,20281.01,20303.09,12457.06053
2022-11-03 08:00:00+00:00,20302.35,20333.99,20250.9,20297.22,13019.94277
2022-11-03 09:00:00+00:00,20297.99,20335.0,20281.05,20318.94,11721.1073
2022-11-03 10:00:00+00:00,20318.96,20338.99,20259.74,20267.65,11407.1344
2022-11-03 11:00:00+00:00,20268.53,20281.27,20052.0,20130.64,21083.55478
2022-11-03 12:00:00+00:00,20129.8,20178.95,20031.24,20109.8,20447.27768
2022-11-03 13:00:00+00:00,20109.8,20217.39,20093.24,20108.92,22546.62996
2022-11-03 14:00:00+00:00,20107.87,20339.86,20087.23,20318.59,30712.49137
2022-11-03 15:00:00+00:00,20318.59,20330.0,20208.56,20248.62,19408.45026
2022-11-03 16:00:00+00:00,20249.18,20315.8,20241.62,20295.37,15077.11354
2022-11-03 17:00:00+00:00,20295.37,20303.92,20221.26,20226.18,11386.26896
2022-11-03 18:00:00+00:00,20226.18,20267.71,20177.1,20242.65,12009.78042
2022-11-03 19:00:00+00:00,20242.65,20279.0,20231.69,20262.53,9906.08632
2022-11-03 20:00:00+00:00,20262.53,20269.76,20218.02,20237.25,7840.49057
2022-11-03 21:00:00+00:00,20237.54,20267.93,20230.0,20259.36,4562.53204
2022-11-03 22:00:00+00:00,20259.57,20271.0,20157.86,20195.41,13516.60692
2022-11-03 23:00:00+00:00,20195.41,20220.72,20161.36,20207.82,9617.58134
2022-11-04 00:00:00+00:00,20207.12,20309.65,20180.96,20280.23,14798.08192
2022-11-04 01:00:00+00:00,20280.85,20319.33,20245.0,20287.09,8990.96482
2022-11-04 02:00:00+00:00,20287.46,20326.09,20273.52,20312.3,9749.56612
2022-11-04 03:00:00+00:00,20312.3,20330.87,20279.75,20321.79,9534.15706
2022-11-04 04:00:00+00:00,20321.79,20355.37,20306.58,20329.79,10199.25022
2022-11-04 05:00:00+00:00,20329.39,20490.1,20322.01,20444.0,16269.53773
2022-11-04 06:00:00+00:00,20444.79,20688.0,20443.75,20606.95,26664.11878
2022-11-04 07:00:00+00:00,20606.08,20626.6,20543.05,20611.56,15567.59741
2022-11-04 08:00:00+00:00,20611.56,20658.57,20577.57,20583.39,15567.22743
2022-11-04 09:00:00+00:00,20583.39,20630.47,20567.33,20569.3,14092.79476
2022-11-04 10:00:00+00:00,20570.02,20681.91,20546.0,20655.09,14472.21987
2022-11-04 11:00:00+00:00,20655.09,20655.19,20550.0,20558.46,16897.06256
2022-11-04 12:00:00+00:00,20558.03,20774.22,20350.0,20757.64,43857.22025
2022-11-04 13:00:00+00:00,20757.68,20888.93,20690.49,20760.25,35882.12048
2022-11-04 14:00:00+00:00,20760.25,21302.05,20742.52,21218.29,38574.91766
2022-11-04 15:00:00+00:00,21218.29,21253.24,20831.64,20838.7,29217.80547
2022-11-04 16:00:00+00:00,20837.54,20903.74,20669.57,20783.3,32987.51601
2022-11-04 17:00:00+00:00,20783.99,20825.59,20676.55,20774.22,18318.15676
2022-11-04 18:00:00+00:00,20773.94,21054.65,20715.64,20953.13,22604.00269
2022-11-04 19:00:00+00:00,20953.13,21115.48,20914.8,21108.54,20986.58265
2022-11-04 20:00:00+00:00,21108.54,21149.91,21048.63,21130.15,14493.69344
2022-11-04 21:00:00+00:00,21130.65,21200.0,21071.91,21169.95,7070.52333
2022-11-04 22:00:00+00:00,21169.95,21209.16,21132.24,21178.03,9479.65724
2022-11-04 23:00:00+00:00,21179.06,21202.04,21128.32,21148.52,7419.61699
2022-11-05 00:00:00+00:00,21148.52,21460.01,21080.65,21434.33,22685.78516
2022-11-05 01:00:00+00:00,21434.33,21450.0,21319.01,21364.81,12642.55524
2022-11-05 02:00:00+00:00,21365.92,21413.64,21345.0,21387.53,10563.20159
2022-11-05 03:00:00+00:00,21386.94,21480.65,21373.72,21444.61,14126.99636
2022-11-05 04:00:00+00:00,21445.19,21467.93,21364.71,21367.24,10940.15774
2022-11-05 05:00:00+00:00,21367.24,21430.3,21364.34,21389.9,8409.52996
2022-11-05 06:00:00+00:00,21389.9,21443.8,21372.33,21401.4,9087.6348
2022-11-05 07:00:00+00:00,21401.93,21414.0,21381.53,21384.42,8030.86543
2022-11-05 08:00:00+00:00,21384.92,21391.51,21234.9,21291.0,15857.13627
2022-11-05 09:00:00+00:00,21291.0,21326.71,21236.53,21290.65,9403.69792
2022-11-05 10:00:00+00:00,21289.82,21321.79,21280.0,21318.14,7646.74153
2022-11-05 11:00:00+00:00,21317.47,21427.34,21311.18,21404.63,13279.97188
2022-11-05 12:00:00+00:00,21404.63,21420.84,21288.37,21310.59,10962.71704
2022-11-05 13:00:00+00:00,21309.71,21325.4,21249.17,21271.45,8454.08147
2022-11-05 14:00:00+00:00,21271.94,21331.83,21210.98,21279.35,11664.2357
2022-11-05 15:00:00+00:00,21279.35,21354.42,21265.99,21299.22,12729.69102
2022-11-05 16:00:00+00:00,21299.22,21345.0,21299.02,21324.73,9704.69665
2022-11-05 17:00:00+00:00,21324.73,21333.58,21269.22,21319.29,8879.23499
2022-11-05 18:00:00+00:00,21319.29,21330.16,21261.56,21292.57,8055.84134
2022-11-05 19:00:00+00:00,21291.79,21345.08,21283.39,21331.11,7078.21851
2022-11-05 20:00:00+00:00,21330.58,21380.0,21322.0,21352.42,5867.97227
2022-11-05 21:00:00+00:00,21352.42,21358.83,21321.87,21335.35,3138.291
2022-11-05 22:00:00+00:00,21335.18,21346.91,21289.29,21296.95,6400.81252
2022-11-05 23:00:00+00:00,21296.17,21315.0,21233.33,21299.37,10011.91886
2022-11-06 00:00:00+00:00,21299.37,21365.27,21290.8,21325.19,10223.35957
2022-11-06 01:00:00+00:00,21325.88,21346.16,21190.0,21197.33,11431.87368
2022-11-06 02:00:00+00:00,21197.33,21280.64,21189.44,21238.58,9190.90183
2022-11-06 03:00:00+00:00,21238.22,21255.2,21203.51,21233.88,6253.73248
2022-11-06 04:00:00+00:00,21234.44,21252.54,21212.99,21227.73,5328.98596
2022-11-06 05:00:00+00:00,21228.62,21240.95,21143.27,21155.41,8342.18373
2022-11-06 06:00:00+00:00,21154.86,21191.17,21144.92,21171.47,7009.96578
2022-11-06 07:00:00+00:00,21171.47,21206.0,21157.23,21194.49,7838.69105
2022-11-06 08:00:00+00:00,21193.88,21310.0,21173.03,21253.7,12886.03997
2022-11-06 09:00:00+00:00,21253.7,21299.78,21231.46,21241.2,7489.51767
2022-11-06 10:00:00+00:00,21240.37,21280.0,21236.4,21263.67,6554.18383
2022-11-06 11:00:00+00:00,21263.67,21274.9,21178.01,21255.08,11416.97186
2022-11-06 12:00:00+00:00,21254.8,21269.99,21218.4,21227.01,8315.31939
2022-11-06 13:00:00+00:00,21227.82,21249.48,21206.62,21220.48,7613.24964
2022-11-06 14:00:00+00:00,21219.92,21258.65,21190.81,21225.84,10037.50833
2022-11-06 15:00:00+00:00,21226.2,21289.49,21223.78,21241.1,10517.27299
2022-11-06 16:00:00+00:00,21241.85,21275.0,21152.46,21257.44,17272.32094
2022-11-06 17:00:00+00:00,21257.74,21282.19,21218.56,21247.11,7172.83916
2022-11-06 18:00:00+00:00,21247.11,21252.74,21195.04,21223.55,9262.72654
2022-11-06 19:00:00+00:00,21223.24,21237.75,21170.0,21194.5,8308.39032
2022-11-06 20:00:00+00:00,21194.5,21204.73,21158.0,21203.3,6385.69475
2022-11-06 21:00:00+00:00,21204.13,21211.62,21110.56,21127.33,8033.62907
2022-11-06 22:00:00+00:00,21126.89,21175.7,21043.92,21139.22,10329.11032
2022-11-06 23:00:00+00:00,21138.63,21151.13,20886.13,20905.58,22822.50331
2022-11-07 00:00:00+00:00,20905.58,20952.0,20836.74,20899.11,17920.5649
2022-11-07 01:00:00+00:00,20899.11,21004.23,20820.0,20985.62,18865.37748
2022-11-07 02:00:00+00:00,20986.4,21069.77,20960.53,20987.21,14598.71574
2022-11-07 03:00:00+00:00,20987.21,20990.0,20878.0,20913.82,12037.0277
2022-11-07 04:00:00+00:00,20913.82,20914.6,20818.65,20892.42,11695.38476
2022-11-07 05:00:00+00:00,20891.82,20918.33,20843.75,20858.95,11163.70947
2022-11-07 06:00:00+00:00,20858.95,20909.72,20776.87,20861.43,16663.47023
2022-11-07 07:00:00+00:00,20861.56,20868.66,20612.67,20635.74,24588.61281
2022-11-07 08:00:00+00:00,20635.1,20726.49,20571.52,20716.86,22872.28897
